ORF,RNA_Prints,Ribo_Prints
YAL001C,567,148
YAL002W,193,73
YAL003W,5075,13811
YAL007C,915,444
YAL008W,168,109
YAL009W,411,27
YAL010C,273,65
YAL011W,149,61
YAL012W,519,3438
YAL013W,177,96
YAL014C,182,76
YAL015C,329,44
YAL016W,1500,1007
YAL017W,337,175
YAL018C,4,0
YAL019W,498,406
YAL020C,230,37
YAL021C,300,558
YAL022C,774,184
YAL023C,815,1308
YAL024C,200,72
YAL025C,1109,582
YAL026C,553,296
YAL027W,362,53
YAL028W,51,19
YAL029C,652,286
YAL030W,66,139
YAL031C,267,79
YAL032C,209,102
YAL033W,540,165
YAL034C,36,16
YAL034W-A,149,52
YAL035W,2156,5442
YAL036C,1166,754
YAL037C-A,2,0
YAL037W,114,4
YAL038W,14510,64000
YAL039C,202,80
YAL040C,144,54
YAL041W,596,239
YAL042W,2346,583
YAL043C,335,238
YAL044C,2545,1048
YAL044W-A,133,106
YAL046C,154,129
YAL047C,191,100
YAL048C,152,53
YAL049C,452,261
YAL051W,255,146
YAL053W,590,340
YAL054C,40,7
YAL055W,81,48
YAL056W,838,65
YAL058W,324,76
YAL059W,790,264
YAL060W,714,271
YAL061W,98,39
YAL067C,33,7
YAR002C-A,1312,642
YAR002W,622,433
YAR003W,562,80
YAR007C,679,730
YAR008W,410,40
YAR014C,717,262
YAR015W,2587,1483
YAR018C,150,93
YAR019C,110,26
YAR023C,81,4
YAR027W,643,174
YAR028W,348,76
YAR029W,72,1
YAR035W,17,5
YAR042W,244,195
YBL001C,638,386
YBL002W,2366,3143
YBL004W,1054,1031
YBL005W,224,77
YBL006C,841,151
YBL007C,595,1885
YBL008W,374,121
YBL008W-A,6,3
YBL009W,171,212
YBL010C,251,68
YBL011W,407,194
YBL013W,20,40
YBL014C,449,25
YBL015W,193,178
YBL016W,398,162
YBL017C,923,1089
YBL018C,398,118
YBL019W,263,32
YBL020W,642,125
YBL021C,250,59
YBL022C,562,1026
YBL023C,385,264
YBL024W,1029,1495
YBL025W,293,63
YBL026W,432,372
YBL028C,1090,539
YBL029C-A,128,50
YBL029W,113,45
YBL030C,450,2081
YBL031W,106,73
YBL032W,426,747
YBL033C,337,142
YBL034C,183,201
YBL035C,165,224
YBL036C,1077,399
YBL037W,226,208
YBL038W,696,216
YBL039C,3017,2252
YBL039W-B,73,16
YBL040C,1557,325
YBL041W,657,766
YBL042C,501,262
YBL043W,16,3
YBL044W,6,0
YBL045C,547,741
YBL046W,435,114
YBL047C,517,1783
YBL049W,10,2
YBL050W,910,472
YBL051C,214,593
YBL052C,607,73
YBL054W,441,195
YBL055C,631,95
YBL056W,1837,531
YBL057C,654,175
YBL058W,1060,1073
YBL059C-A,261,150
YBL059W,98,50
YBL060W,477,57
YBL061C,929,261
YBL063W,195,96
YBL064C,194,203
YBL066C,76,39
YBL067C,401,168
YBL068W,760,411
YBL069W,271,219
YBL071C-B,25,0
YBL071W-A,177,213
YBL074C,202,39
YBL075C,361,50
YBL076C,3660,5923
YBL078C,69,87
YBL079W,723,416
YBL080C,250,30
YBL082C,323,107
YBL085W,505,298
YBL086C,300,107
YBL088C,291,39
YBL089W,454,70
YBL090W,507,200
YBL091C,663,818
YBL091C-A,82,72
YBL092W,6706,17414
YBL093C,1073,192
YBL095W,461,30
YBL097W,263,118
YBL098W,574,168
YBL099W,736,2243
YBL101C,143,153
YBL102W,790,193
YBL103C,338,121
YBL104C,265,104
YBL105C,395,351
YBL106C,186,60
YBL107C,415,131
YBR001C,287,163
YBR002C,636,104
YBR003W,306,117
YBR004C,249,116
YBR005W,264,86
YBR006W,196,59
YBR007C,215,100
YBR008C,194,1
YBR011C,1531,8193
YBR013C,44,44
YBR014C,578,239
YBR015C,336,509
YBR016W,130,248
YBR017C,975,658
YBR018C,57,0
YBR019C,14,4
YBR020W,22,0
YBR021W,107,32
YBR022W,332,93
YBR023C,1181,395
YBR024W,162,82
YBR025C,3534,5383
YBR026C,356,325
YBR028C,389,123
YBR029C,279,332
YBR030W,511,87
YBR033W,22,4
YBR034C,1781,582
YBR035C,617,581
YBR036C,827,489
YBR037C,188,90
YBR038W,205,455
YBR039W,583,974
YBR040W,31,2
YBR041W,575,264
YBR042C,894,175
YBR043C,726,22
YBR044C,544,74
YBR045C,86,10
YBR046C,207,256
YBR047W,153,21
YBR049C,433,764
YBR050C,31,11
YBR052C,536,322
YBR053C,430,220
YBR054W,140,175
YBR055C,516,139
YBR056W,498,188
YBR057C,320,215
YBR058C,674,360
YBR058C-A,754,357
YBR059C,276,382
YBR060C,271,167
YBR061C,454,252
YBR062C,393,128
YBR063C,236,1
YBR065C,222,84
YBR066C,460,182
YBR067C,1140,1423
YBR068C,3553,1031
YBR069C,2251,797
YBR070C,250,68
YBR071W,200,206
YBR072C-A,7,1
YBR072W,99,76
YBR073W,620,384
YBR074W,777,308
YBR076W,23,1
YBR077C,398,224
YBR078W,2767,9949
YBR079C,1572,3019
YBR080C,524,961
YBR081C,478,228
YBR082C,759,1274
YBR083W,118,221
YBR084W,1935,1501
YBR085C-A,614,206
YBR085W,362,85
YBR086C,653,790
YBR087W,1189,190
YBR088C,650,710
YBR091C,223,114
YBR094W,548,208
YBR095C,360,154
YBR096W,801,275
YBR097W,240,80
YBR098W,188,45
YBR101C,1288,626
YBR102C,177,235
YBR103W,771,103
YBR104W,1223,156
YBR105C,94,45
YBR106W,4420,2575
YBR107C,89,12
YBR108W,82,165
YBR109C,753,1475
YBR110W,785,177
YBR111C,883,652
YBR111W-A,240,147
YBR114W,136,66
YBR115C,564,1483
YBR117C,27,3
YBR119W,177,75
YBR120C,194,119
YBR121C,4299,3121
YBR122C,739,174
YBR123C,338,193
YBR125C,402,100
YBR126C,804,919
YBR127C,2817,4627
YBR128C,100,8
YBR129C,796,124
YBR130C,272,382
YBR131W,229,37
YBR132C,66,120
YBR133C,341,110
YBR135W,175,152
YBR136W,182,91
YBR137W,398,207
YBR138C,265,94
YBR139W,219,251
YBR140C,363,184
YBR141C,172,68
YBR142W,898,567
YBR143C,4055,2422
YBR145W,240,67
YBR146W,421,243
YBR147W,46,2
YBR148W,55,69
YBR149W,375,537
YBR151W,899,206
YBR152W,108,63
YBR153W,404,45
YBR154C,2132,991
YBR155W,240,433
YBR156C,89,99
YBR157C,495,115
YBR158W,2039,329
YBR159W,1919,737
YBR160W,757,245
YBR161W,349,69
YBR162C,980,2236
YBR162W-A,694,553
YBR163W,356,36
YBR164C,1072,393
YBR165W,539,101
YBR166C,970,245
YBR167C,149,56
YBR168W,381,35
YBR169C,141,179
YBR170C,404,311
YBR171W,698,422
YBR172C,682,312
YBR173C,236,486
YBR175W,969,78
YBR176W,399,99
YBR177C,347,371
YBR179C,382,158
YBR180W,16,3
YBR182C,208,18
YBR182C-A,7,2
YBR183W,238,30
YBR184W,171,31
YBR185C,228,104
YBR186W,30,2
YBR187W,1772,594
YBR188C,131,77
YBR189W,22229,15268
YBR192W,773,157
YBR193C,141,72
YBR194W,177,59
YBR195C,414,73
YBR196C,7539,15753
YBR196C-A,11,0
YBR196C-B,5,0
YBR197C,73,64
YBR198C,359,400
YBR199W,1919,447
YBR200W,392,196
YBR200W-A,1,0
YBR201C-A,34,12
YBR201W,430,62
YBR202W,662,276
YBR203W,62,10
YBR204C,279,69
YBR205W,1340,483
YBR207W,738,146
YBR208C,378,167
YBR210W,334,81
YBR211C,541,98
YBR212W,141,342
YBR213W,32,47
YBR214W,81,96
YBR215W,230,207
YBR216C,527,139
YBR217W,273,15
YBR220C,886,116
YBR221C,1725,1778
YBR221W-A,1,0
YBR222C,343,510
YBR223C,69,30
YBR225W,97,70
YBR227C,338,233
YBR228W,189,20
YBR229C,396,361
YBR230C,86,131
YBR230W-A,59,38
YBR231C,139,105
YBR233W,112,125
YBR233W-A,198,77
YBR234C,397,621
YBR235W,222,94
YBR236C,541,190
YBR237W,377,91
YBR238C,114,139
YBR239C,64,32
YBR240C,84,4
YBR241C,58,39
YBR242W,334,176
YBR243C,273,132
YBR244W,995,409
YBR245C,369,826
YBR246W,451,120
YBR247C,546,493
YBR248C,1143,516
YBR249C,2719,2811
YBR250W,39,5
YBR251W,584,165
YBR252W,630,376
YBR253W,280,84
YBR254C,405,132
YBR255C-A,47,41
YBR255W,306,68
YBR256C,970,203
YBR257W,241,115
YBR258C,178,69
YBR259W,293,16
YBR260C,180,153
YBR261C,218,267
YBR262C,357,68
YBR263W,605,1471
YBR264C,224,83
YBR265W,377,299
YBR267W,897,452
YBR268W,205,96
YBR269C,74,134
YBR270C,199,7
YBR271W,481,113
YBR272C,469,126
YBR273C,575,296
YBR274W,439,58
YBR275C,335,177
YBR276C,570,58
YBR278W,307,75
YBR279W,488,301
YBR280C,116,39
YBR281C,364,231
YBR282W,337,151
YBR283C,1179,1216
YBR284W,68,6
YBR285W,6,8
YBR286W,2098,3762
YBR287W,386,262
YBR288C,700,238
YBR289W,280,235
YBR290W,883,155
YBR291C,362,75
YBR293W,575,12
YBR294W,23,5
YBR295W,136,23
YBR296C,1266,199
YBR296C-A,1,0
YBR298C,91,0
YCL001W,1009,417
YCL001W-A,6,1
YCL001W-B,1,0
YCL002C,409,27
YCL004W,88,27
YCL005W,290,36
YCL005W-A,334,310
YCL008C,88,73
YCL009C,333,1156
YCL010C,355,81
YCL011C,2344,746
YCL012C,47,56
YCL014W,195,371
YCL016C,381,31
YCL017C,459,699
YCL021W-A,73,0
YCL024W,253,108
YCL025C,345,117
YCL026C-A,14,3
YCL026C-B,8,33
YCL027W,221,96
YCL028W,424,1062
YCL029C,310,160
YCL030C,2654,2345
YCL031C,1505,321
YCL032W,323,46
YCL033C,244,149
YCL034W,735,232
YCL035C,310,460
YCL036W,1709,74
YCL037C,267,2045
YCL038C,233,56
YCL039W,168,91
YCL043C,1753,5354
YCL044C,79,126
YCL045C,690,924
YCL047C,336,72
YCL048W,7,4
YCL049C,180,36
YCL050C,617,1686
YCL051W,172,118
YCL052C,637,81
YCL054W,1540,1027
YCL055W,702,166
YCL056C,217,30
YCL057C-A,175,172
YCL057W,386,678
YCL058W-A,192,111
YCL059C,1536,872
YCL061C,209,233
YCL063W,189,87
YCL064C,2582,1899
YCR002C,416,424
YCR003W,597,152
YCR004C,778,942
YCR005C,18569,1186
YCR007C,98,24
YCR008W,441,227
YCR009C,1204,651
YCR010C,9,2
YCR011C,1412,498
YCR012W,31877,69197
YCR014C,339,10
YCR015C,357,72
YCR016W,589,408
YCR017C,708,466
YCR018C,470,100
YCR019W,275,53
YCR020C,161,6
YCR020C-A,277,83
YCR020W-B,390,188
YCR021C,52,13
YCR023C,437,87
YCR024C,90,48
YCR024C-A,779,2673
YCR024C-B,1796,10
YCR026C,550,180
YCR027C,207,80
YCR028C,445,120
YCR028C-A,491,916
YCR030C,180,317
YCR032W,413,85
YCR033W,454,259
YCR034W,905,992
YCR035C,1304,289
YCR036W,827,219
YCR037C,1122,103
YCR042C,606,238
YCR043C,401,251
YCR044C,499,102
YCR045C,10,2
YCR046C,98,130
YCR047C,617,166
YCR048W,341,175
YCR051W,375,341
YCR052W,368,307
YCR053W,1524,3701
YCR054C,409,115
YCR057C,1015,497
YCR059C,329,71
YCR060W,243,86
YCR061W,54,206
YCR063W,35,57
YCR065W,227,412
YCR066W,264,38
YCR067C,439,429
YCR068W,53,51
YCR069W,184,281
YCR071C,168,139
YCR072C,656,280
YCR073C,241,29
YCR073W-A,129,203
YCR075C,395,67
YCR075W-A,60,80
YCR076C,287,83
YCR077C,465,824
YCR079W,131,7
YCR081W,225,100
YCR082W,427,273
YCR083W,134,110
YCR084C,368,886
YCR086W,82,80
YCR087C-A,348,335
YCR088W,260,2472
YCR089W,100,31
YCR090C,801,167
YCR091W,40,13
YCR092C,324,150
YCR093W,500,1011
YCR094W,201,176
YCR095C,724,117
YCR095W-A,8,0
YCR097W,525,162
YCR098C,188,10
YCR099C,42,0
YCR100C,73,1
YCR101C,36,11
YCR105W,31,3
YCR106W,130,22
YDL001W,429,112
YDL002C,688,160
YDL003W,745,299
YDL004W,375,581
YDL005C,423,240
YDL006W,587,151
YDL007W,1812,1215
YDL008W,308,93
YDL010W,217,188
YDL012C,107,145
YDL013W,791,93
YDL014W,1928,3360
YDL015C,1512,1021
YDL017W,286,78
YDL018C,366,144
YDL019C,359,350
YDL020C,726,359
YDL021W,120,16
YDL022W,252,690
YDL024C,21,5
YDL025C,444,101
YDL027C,237,58
YDL028C,277,130
YDL029W,1928,645
YDL030W,638,114
YDL031W,1010,863
YDL033C,152,22
YDL035C,457,153
YDL036C,348,86
YDL040C,771,1332
YDL042C,233,134
YDL043C,458,234
YDL044C,505,87
YDL045C,249,60
YDL045W-A,122,125
YDL046W,258,318
YDL047W,320,216
YDL048C,50,8
YDL049C,55,9
YDL051W,2383,1276
YDL052C,207,326
YDL053C,230,242
YDL054C,211,81
YDL055C,11196,11610
YDL056W,373,166
YDL057W,139,38
YDL058W,563,903
YDL059C,159,31
YDL060W,1486,511
YDL063C,711,352
YDL064W,207,440
YDL065C,494,313
YDL066W,567,1454
YDL067C,239,382
YDL069C,207,41
YDL070W,1116,530
YDL072C,591,319
YDL073W,1057,126
YDL074C,1410,393
YDL075W,5606,9971
YDL076C,705,120
YDL077C,444,125
YDL078C,1287,627
YDL079C,22,0
YDL080C,636,41
YDL081C,8678,7711
YDL084W,6134,4661
YDL085C-A,170,259
YDL085W,11,0
YDL086W,339,241
YDL087C,97,49
YDL088C,488,236
YDL089W,128,86
YDL090C,508,111
YDL091C,209,54
YDL092W,730,302
YDL093W,314,189
YDL095W,1250,1466
YDL097C,764,1107
YDL098C,206,70
YDL099W,392,403
YDL100C,2138,1403
YDL101C,376,156
YDL102W,362,351
YDL103C,598,572
YDL104C,194,33
YDL105W,133,65
YDL106C,152,248
YDL107W,299,50
YDL108W,427,86
YDL109C,86,8
YDL110C,107,66
YDL111C,333,211
YDL112W,716,589
YDL113C,422,125
YDL114W,7,0
YDL115C,551,124
YDL116W,712,280
YDL117W,560,168
YDL119C,408,58
YDL120W,306,264
YDL121C,704,293
YDL122W,968,413
YDL123W,66,40
YDL124W,280,345
YDL125C,817,778
YDL126C,3370,5274
YDL127W,141,74
YDL128W,563,314
YDL129W,408,59
YDL130W,3890,5106
YDL130W-A,91,78
YDL132W,857,462
YDL133W,856,88
YDL135C,509,533
YDL138W,195,18
YDL139C,105,67
YDL140C,594,1879
YDL141W,190,228
YDL142C,386,63
YDL143W,2214,1442
YDL144C,262,99
YDL145C,1186,1897
YDL146W,168,38
YDL147W,2579,1509
YDL148C,1332,958
YDL149W,77,58
YDL150W,864,340
YDL153C,1633,717
YDL154W,234,7
YDL155W,720,148
YDL156W,84,82
YDL157C,577,527
YDL159W,196,113
YDL160C,409,1592
YDL160C-A,116,66
YDL161W,486,406
YDL164C,343,251
YDL165W,470,136
YDL166C,497,259
YDL167C,1084,297
YDL168W,564,686
YDL169C,6,4
YDL170W,266,65
YDL171C,1120,2512
YDL173W,737,371
YDL174C,330,136
YDL175C,293,104
YDL176W,316,61
YDL177C,404,28
YDL178W,1738,384
YDL179W,437,166
YDL180W,678,65
YDL181W,71,107
YDL183C,186,32
YDL185W,3656,8759
YDL186W,5,0
YDL189W,268,208
YDL190C,621,376
YDL192W,5911,2931
YDL193W,300,254
YDL194W,60,15
YDL195W,463,2464
YDL197C,176,22
YDL198C,239,319
YDL199C,69,24
YDL200C,254,72
YDL201W,212,412
YDL202W,232,147
YDL203C,202,136
YDL204W,78,4
YDL205C,734,193
YDL206W,204,18
YDL207W,455,170
YDL208W,2209,1438
YDL209C,468,108
YDL210W,41,2
YDL211C,99,24
YDL212W,1907,451
YDL213C,636,472
YDL214C,12,1
YDL215C,1636,198
YDL216C,174,46
YDL217C,257,176
YDL218W,20,1
YDL219W,499,322
YDL220C,80,52
YDL222C,21,10
YDL223C,79,31
YDL224C,222,292
YDL225W,824,480
YDL226C,599,845
YDL227C,730,499
YDL230W,268,63
YDL231C,601,21
YDL232W,128,198
YDL233W,112,68
YDL234C,417,129
YDL235C,552,279
YDL236W,1168,524
YDL237W,386,261
YDL238C,100,24
YDL239C,133,5
YDL240W,229,139
YDL241W,66,59
YDR001C,364,236
YDR002W,4952,3351
YDR003W,315,67
YDR003W-A,63,4
YDR004W,826,58
YDR005C,476,116
YDR006C,397,177
YDR007W,669,96
YDR009W,24,5
YDR011W,880,801
YDR013W,362,128
YDR014W,268,62
YDR014W-A,5,3
YDR016C,350,136
YDR017C,1082,254
YDR018C,9,6
YDR019C,2928,551
YDR020C,348,85
YDR021W,741,102
YDR022C,111,35
YDR023W,4860,5807
YDR026C,518,99
YDR027C,544,163
YDR028C,731,694
YDR030C,199,17
YDR031W,125,63
YDR032C,932,727
YDR033W,2309,3855
YDR034C,613,141
YDR034W-B,4,8
YDR035W,1028,747
YDR036C,286,208
YDR037W,3991,6009
YDR041W,724,156
YDR042C,147,4
YDR043C,266,114
YDR044W,673,354
YDR045C,590,191
YDR046C,1137,393
YDR047W,780,204
YDR049W,410,215
YDR050C,21833,26116
YDR051C,792,182
YDR052C,452,222
YDR054C,457,346
YDR055W,921,465
YDR056C,510,252
YDR057W,423,139
YDR058C,182,12
YDR059C,54,64
YDR060W,1423,1211
YDR061W,907,175
YDR062W,1506,603
YDR063W,217,204
YDR064W,10596,15971
YDR065W,307,36
YDR066C,120,42
YDR067C,548,68
YDR068W,628,236
YDR069C,143,81
YDR070C,11,619
YDR071C,1500,971
YDR072C,696,225
YDR073W,82,56
YDR074W,616,405
YDR075W,396,145
YDR076W,87,31
YDR078C,255,26
YDR079C-A,139,75
YDR079W,96,78
YDR080W,429,174
YDR081C,483,170
YDR082W,705,10
YDR084C,294,160
YDR085C,111,28
YDR086C,795,873
YDR087C,1586,517
YDR088C,443,136
YDR089W,538,329
YDR090C,318,85
YDR091C,1746,1222
YDR092W,257,322
YDR093W,275,349
YDR096W,87,143
YDR097C,271,400
YDR098C,1038,906
YDR100W,353,160
YDR101C,1504,689
YDR103W,511,207
YDR104C,253,30
YDR105C,452,96
YDR106W,42,10
YDR107C,173,126
YDR108W,396,78
YDR109C,297,67
YDR110W,657,154
YDR111C,389,91
YDR113C,215,210
YDR114C,10,2
YDR115W,380,147
YDR116C,239,172
YDR117C,347,358
YDR118W,406,49
YDR119W,1474,667
YDR119W-A,22,7
YDR120C,1594,543
YDR121W,350,252
YDR122W,225,284
YDR123C,178,53
YDR124W,56,4
YDR125C,95,15
YDR126W,94,13
YDR127W,714,1993
YDR128W,320,102
YDR129C,2347,1979
YDR130C,362,141
YDR131C,323,44
YDR132C,195,30
YDR135C,1017,760
YDR137W,807,108
YDR138W,403,139
YDR139C,473,208
YDR140W,217,78
YDR141C,290,330
YDR142C,248,26
YDR143C,188,223
YDR144C,463,373
YDR145W,650,430
YDR146C,334,337
YDR147W,658,121
YDR148C,305,626
YDR151C,420,230
YDR152W,678,393
YDR153C,349,335
YDR155C,4135,6912
YDR156W,92,258
YDR158W,3487,2767
YDR159W,471,137
YDR160W,277,20
YDR161W,1005,463
YDR162C,409,142
YDR163W,194,78
YDR164C,290,174
YDR165W,1387,519
YDR166C,296,264
YDR167W,476,197
YDR168W,1208,1269
YDR169C,128,194
YDR169C-A,1,0
YDR171W,128,123
YDR172W,2578,3436
YDR173C,282,54
YDR174W,1922,1116
YDR175C,536,208
YDR176W,494,233
YDR177W,1096,516
YDR178W,78,194
YDR179C,171,50
YDR179W-A,480,58
YDR180W,268,166
YDR181C,371,66
YDR182W,361,237
YDR182W-A,8,0
YDR183W,194,118
YDR184C,458,119
YDR185C,96,19
YDR186C,603,225
YDR188W,1686,1212
YDR189W,681,468
YDR190C,1949,895
YDR191W,227,41
YDR192C,144,165
YDR194C,1420,543
YDR195W,599,159
YDR196C,558,120
YDR197W,384,75
YDR198C,623,77
YDR200C,221,96
YDR201W,296,94
YDR202C,256,79
YDR204W,392,128
YDR205W,194,95
YDR206W,1265,184
YDR207C,160,158
YDR208W,409,284
YDR210W,506,348
YDR211W,1678,706
YDR212W,1877,1464
YDR213W,274,135
YDR214W,691,895
YDR216W,76,62
YDR217C,418,234
YDR218C,28,1
YDR219C,520,142
YDR221W,341,225
YDR222W,214,102
YDR223W,69,4
YDR224C,2993,3565
YDR226W,3547,4812
YDR227W,319,218
YDR228C,556,210
YDR229W,694,135
YDR231C,176,38
YDR232W,402,702
YDR233C,1200,1979
YDR234W,776,478
YDR235W,793,88
YDR236C,479,74
YDR237W,487,183
YDR238C,1524,1642
YDR239C,223,174
YDR240C,534,109
YDR242W,227,9
YDR243C,291,158
YDR244W,501,175
YDR245W,1793,331
YDR246W,59,92
YDR246W-A,4,2
YDR247W,39,59
YDR248C,268,79
YDR249C,396,29
YDR251W,328,261
YDR252W,95,59
YDR253C,22,12
YDR254W,187,43
YDR255C,46,33
YDR256C,52,0
YDR257C,682,180
YDR258C,439,500
YDR259C,36,13
YDR260C,183,86
YDR261C,458,299
YDR262W,545,179
YDR263C,71,4
YDR264C,1644,494
YDR265W,669,33
YDR266C,468,462
YDR267C,592,172
YDR268W,404,68
YDR270W,166,108
YDR272W,859,372
YDR273W,104,8
YDR275W,585,19
YDR276C,481,886
YDR277C,20,34
YDR279W,388,127
YDR280W,1224,260
YDR281C,287,85
YDR282C,380,44
YDR283C,493,270
YDR284C,790,191
YDR285W,320,29
YDR286C,126,49
YDR287W,213,91
YDR288W,630,78
YDR289C,350,217
YDR291W,413,73
YDR292C,993,455
YDR293C,599,736
YDR294C,540,341
YDR295C,379,126
YDR296W,247,147
YDR297W,488,405
YDR298C,652,600
YDR299W,1005,649
YDR300C,979,417
YDR301W,295,205
YDR302W,693,164
YDR303C,506,389
YDR304C,1713,1043
YDR305C,335,70
YDR306C,522,78
YDR307W,203,185
YDR308C,327,140
YDR309C,443,590
YDR310C,362,223
YDR311W,949,211
YDR313C,136,54
YDR314C,96,28
YDR315C,184,27
YDR316W,302,85
YDR317W,163,15
YDR318W,512,33
YDR319C,355,47
YDR320C,140,252
YDR320C-A,248,127
YDR321W,1409,1103
YDR322C-A,397,200
YDR322W,331,164
YDR323C,450,42
YDR324C,1424,673
YDR325W,629,105
YDR326C,670,420
YDR328C,1502,727
YDR329C,623,87
YDR330W,168,151
YDR331W,557,250
YDR332W,311,25
YDR333C,1247,270
YDR334W,475,144
YDR335W,559,349
YDR336W,746,54
YDR337W,442,176
YDR338C,385,111
YDR339C,735,305
YDR341C,2306,2650
YDR346C,2294,807
YDR347W,283,200
YDR348C,807,326
YDR349C,510,169
YDR350C,562,35
YDR351W,489,203
YDR352W,518,118
YDR353W,1528,2194
YDR354W,571,268
YDR356W,358,320
YDR357C,271,69
YDR358W,224,144
YDR359C,96,93
YDR361C,1550,559
YDR362C,414,110
YDR363W,291,62
YDR363W-A,823,588
YDR364C,595,84
YDR365C,2360,589
YDR367W,307,108
YDR368W,753,600
YDR369C,198,72
YDR370C,760,56
YDR371W,496,65
YDR372C,1687,566
YDR373W,951,266
YDR374C,11,4
YDR374W-A,164,50
YDR375C,338,53
YDR376W,551,119
YDR377W,614,516
YDR378C,835,306
YDR379C-A,121,24
YDR379W,334,122
YDR380W,1943,281
YDR381C-A,215,32
YDR381W,2525,2058
YDR382W,9417,8898
YDR383C,396,52
YDR384C,246,388
YDR386W,315,52
YDR387C,442,20
YDR388W,770,948
YDR389W,246,181
YDR390C,666,264
YDR391C,190,60
YDR392W,259,74
YDR393W,434,64
YDR394W,1291,735
YDR395W,1275,992
YDR397C,391,181
YDR398W,1726,523
YDR399W,4434,1066
YDR400W,201,135
YDR402C,24,0
YDR403W,64,6
YDR404C,343,295
YDR405W,108,126
YDR406W,191,77
YDR407C,464,201
YDR408C,806,372
YDR410C,705,98
YDR411C,345,124
YDR412W,553,482
YDR414C,296,75
YDR415C,634,144
YDR416W,958,139
YDR419W,557,42
YDR421W,442,58
YDR422C,315,183
YDR423C,172,119
YDR424C,273,160
YDR425W,114,80
YDR427W,2036,813
YDR428C,291,97
YDR429C,3246,1734
YDR430C,327,226
YDR432W,817,3134
YDR434W,1059,353
YDR435C,285,68
YDR436W,153,61
YDR437W,77,38
YDR438W,205,0
YDR439W,109,73
YDR440W,279,79
YDR441C,104,112
YDR443C,172,86
YDR444W,345,56
YDR446W,4,2
YDR448W,626,100
YDR449C,1008,340
YDR451C,532,276
YDR452W,1343,272
YDR453C,78,20
YDR454C,2013,1414
YDR456W,426,206
YDR457W,767,888
YDR458C,593,261
YDR459C,493,28
YDR460W,379,164
YDR461C-A,140,61
YDR461W,282,383
YDR462W,198,173
YDR463W,533,362
YDR464W,323,297
YDR465C,1020,269
YDR466W,271,107
YDR468C,627,240
YDR469W,398,117
YDR470C,195,101
YDR471W,4693,3874
YDR472W,551,137
YDR473C,311,109
YDR475C,266,66
YDR476C,85,97
YDR477W,297,462
YDR478W,183,55
YDR479C,234,59
YDR480W,116,61
YDR481C,2636,708
YDR482C,160,45
YDR483W,1506,974
YDR484W,434,114
YDR485C,534,131
YDR486C,301,229
YDR488C,114,29
YDR489W,112,69
YDR490C,162,102
YDR492W,407,173
YDR493W,120,94
YDR494W,832,152
YDR495C,291,117
YDR496C,2493,1078
YDR497C,2285,613
YDR498C,350,83
YDR499W,339,71
YDR500C,3531,3749
YDR501W,105,59
YDR502C,599,1230
YDR503C,173,48
YDR504C,109,3
YDR505C,392,379
YDR506C,91,48
YDR507C,562,787
YDR508C,1959,1126
YDR510W,317,1296
YDR511W,61,87
YDR512C,134,143
YDR513W,420,563
YDR514C,498,117
YDR515W,279,165
YDR516C,284,225
YDR517W,481,263
YDR518W,435,418
YDR519W,569,290
YDR520C,489,78
YDR522C,2,0
YDR523C,45,0
YDR524C,154,73
YDR524C-B,4379,7872
YDR524W-C,1,0
YDR525W-A,56,155
YDR527W,465,287
YDR528W,155,100
YDR529C,649,287
YDR530C,171,60
YDR531W,978,233
YDR532C,401,42
YDR533C,207,65
YDR534C,22,58
YDR536W,8,0
YDR538W,143,53
YDR539W,485,257
YDR540C,54,16
YDR541C,146,14
YEL001C,1041,688
YEL002C,1085,1234
YEL003W,658,432
YEL004W,140,40
YEL005C,97,23
YEL006W,823,72
YEL009C,2601,158
YEL011W,80,49
YEL012W,172,97
YEL013W,866,501
YEL015W,1265,334
YEL016C,511,36
YEL017C-A,1163,2350
YEL017W,206,196
YEL018W,451,116
YEL019C,71,33
YEL020C,294,40
YEL020W-A,387,248
YEL022W,654,484
YEL023C,236,1
YEL024W,134,168
YEL025C,543,45
YEL026W,524,1885
YEL027W,3282,3229
YEL029C,566,77
YEL030W,146,56
YEL031W,957,1890
YEL032W,464,382
YEL034W,2413,11997
YEL035C,2,0
YEL036C,870,278
YEL037C,594,1066
YEL038W,569,145
YEL040W,2808,1731
YEL041W,68,19
YEL042W,416,782
YEL043W,214,153
YEL044W,535,112
YEL046C,733,1693
YEL047C,698,801
YEL048C,379,102
YEL050C,537,202
YEL051W,1770,1397
YEL052W,439,155
YEL053C,327,72
YEL055C,944,753
YEL056W,616,132
YEL057C,47,4
YEL058W,1425,439
YEL059C-A,20,11
YEL060C,179,547
YEL061C,490,157
YEL062W,172,53
YEL063C,335,414
YEL064C,265,57
YEL065W,851,285
YEL066W,100,125
YEL067C,13,0
YEL071W,6317,2420
YEL072W,185,9
YEL073C,28,3
YER001W,815,432
YER002W,743,798
YER003C,646,1718
YER004W,423,340
YER005W,489,73
YER006W,1641,1481
YER007C-A,668,540
YER007W,343,47
YER008C,499,352
YER009W,2131,2451
YER010C,297,103
YER012W,309,492
YER013W,507,178
YER014W,443,219
YER015W,143,13
YER016W,743,173
YER017C,335,173
YER018C,161,53
YER019C-A,1200,636
YER019W,344,85
YER020W,201,92
YER021W,1976,903
YER022W,768,231
YER023W,1281,1262
YER024W,328,13
YER025W,1432,2654
YER026C,1415,560
YER027C,251,449
YER028C,50,30
YER029C,276,187
YER030W,398,404
YER031C,712,552
YER032W,113,161
YER033C,50,43
YER034W,106,103
YER035W,81,133
YER036C,2560,2940
YER037W,287,37
YER038C,172,50
YER039C,69,0
YER039C-A,21,3
YER040W,200,142
YER041W,389,19
YER042W,281,376
YER043C,1039,6870
YER044C,231,156
YER044C-A,42,8
YER045C,117,46
YER046W,169,14
YER047C,198,136
YER048C,821,936
YER048W-A,496,369
YER049W,2091,778
YER050C,440,166
YER051W,495,37
YER052C,566,782
YER053C,141,44
YER053C-A,16,11
YER054C,54,3
YER055C,6472,1640
YER056C,5405,1597
YER057C,387,616
YER058W,90,45
YER059W,239,118
YER060W,278,53
YER061C,454,84
YER062C,255,294
YER063W,230,480
YER064C,727,542
YER065C,121,4
YER067W,53,64
YER068W,270,333
YER069W,263,120
YER070W,1231,1817
YER071C,372,99
YER072W,1031,2394
YER073W,1634,1274
YER074W-A,447,197
YER075C,182,139
YER076C,124,18
YER077C,709,86
YER078C,343,107
YER080W,462,679
YER081W,1566,205
YER082C,1167,474
YER083C,168,351
YER085C,19,1
YER086W,957,915
YER087C-B,192,537
YER087W,376,71
YER088C,488,386
YER089C,175,341
YER090W,603,1256
YER091C,1017,5856
YER092W,382,174
YER093C,272,96
YER093C-A,44,36
YER094C,1769,572
YER095W,463,175
YER096W,51,13
YER098W,77,23
YER099C,822,226
YER100W,463,440
YER101C,215,91
YER103W,680,310
YER104W,134,47
YER105C,732,438
YER106W,40,1
YER107C,903,234
YER109C,266,61
YER110C,1620,4824
YER111C,201,212
YER112W,429,436
YER113C,339,116
YER114C,347,447
YER115C,800,18
YER116C,251,58
YER118C,417,211
YER119C,152,92
YER120W,537,1408
YER121W,29,6
YER122C,1321,1062
YER123W,429,190
YER124C,3478,1090
YER125W,379,1038
YER126C,1688,849
YER127W,886,332
YER128W,101,46
YER129W,563,145
YER130C,643,98
YER131W,3522,4679
YER132C,333,86
YER133W,3727,1246
YER134C,247,131
YER136W,868,870
YER137C,38,23
YER139C,246,64
YER140W,409,71
YER142C,123,51
YER143W,371,228
YER144C,183,56
YER145C,1233,575
YER146W,616,332
YER147C,415,50
YER148W,1260,580
YER149C,350,149
YER150W,41,17
YER151C,316,468
YER152C,494,117
YER153C,59,10
YER154W,170,123
YER155C,817,734
YER156C,803,794
YER157W,843,185
YER158C,84,32
YER159C,212,190
YER161C,272,157
YER162C,271,57
YER163C,262,78
YER164W,314,674
YER165W,1270,9990
YER166W,389,381
YER167W,592,190
YER168C,761,262
YER169W,447,152
YER170W,253,88
YER171W,559,195
YER172C,483,412
YER173W,415,47
YER174C,601,155
YER175C,215,40
YER175W-A,11,1
YER176W,465,395
YER177W,5787,3780
YER178W,791,3287
YER179W,15,8
YER180C,380,1
YER180C-A,123,61
YER182W,287,73
YER183C,545,130
YER184C,161,9
YER185W,36,5
YER186C,622,4
YER187W,29,0
YFL001W,608,123
YFL002C,581,217
YFL003C,68,11
YFL004W,1685,1729
YFL005W,1611,842
YFL007W,692,469
YFL008W,478,455
YFL010C,472,861
YFL011W,15,3
YFL012W,6,0
YFL013C,342,257
YFL014W,110,77
YFL016C,536,324
YFL017C,411,168
YFL017W-A,102,149
YFL018C,729,1486
YFL021W,99,70
YFL022C,860,2038
YFL023W,443,325
YFL024C,274,89
YFL025C,282,116
YFL026W,4325,1186
YFL027C,1074,66
YFL028C,750,143
YFL029C,238,59
YFL030W,83,5
YFL031W,1595,53
YFL034C-A,2944,1018
YFL034C-B,163,149
YFL034W,236,153
YFL036W,207,252
YFL037W,857,1858
YFL038C,1724,1075
YFL039C,3069,10632
YFL040W,10,0
YFL041W,321,285
YFL041W-A,29,0
YFL042C,104,98
YFL044C,187,193
YFL045C,5087,3712
YFL046W,286,131
YFL047W,674,157
YFL048C,1588,590
YFL049W,546,134
YFL050C,226,3
YFL052W,1,1
YFL053W,6,0
YFL054C,44,7
YFL055W,77,1
YFR001W,992,483
YFR002W,990,511
YFR003C,281,138
YFR004W,1272,685
YFR005C,798,124
YFR006W,1181,532
YFR007W,117,53
YFR008W,162,66
YFR009W,1681,1179
YFR010W,1010,836
YFR011C,271,270
YFR012W,6,1
YFR013W,407,199
YFR014C,356,118
YFR015C,101,43
YFR017C,9,8
YFR018C,219,76
YFR021W,102,86
YFR022W,115,19
YFR023W,20,3
YFR024C-A,1161,671
YFR025C,548,114
YFR026C,42,0
YFR027W,87,44
YFR028C,920,237
YFR029W,81,39
YFR030W,365,226
YFR031C,694,117
YFR032C,91,3
YFR032C-A,5663,6819
YFR033C,375,114
YFR034C,315,179
YFR035C,4,0
YFR036W,38,56
YFR037C,1550,660
YFR038W,464,194
YFR039C,683,141
YFR040W,296,271
YFR041C,393,189
YFR042W,364,63
YFR043C,167,68
YFR044C,679,1444
YFR045W,143,39
YFR046C,150,40
YFR047C,403,197
YFR048W,412,113
YFR049W,119,181
YFR050C,953,715
YFR051C,321,752
YFR052W,877,716
YFR053C,57,231
YFR055W,2050,642
YFR057W,2,0
YGL001C,1095,399
YGL002W,454,71
YGL003C,244,56
YGL004C,256,64
YGL005C,488,82
YGL006W,342,130
YGL006W-A,1,0
YGL007C-A,8,0
YGL008C,11126,27612
YGL009C,4173,7360
YGL010W,153,37
YGL011C,492,719
YGL012W,2577,1206
YGL013C,252,196
YGL014W,340,542
YGL015C,2,0
YGL016W,614,386
YGL017W,593,83
YGL018C,54,80
YGL019W,608,224
YGL020C,616,307
YGL021W,659,184
YGL022W,970,850
YGL023C,227,138
YGL025C,181,127
YGL026C,1092,2701
YGL027C,670,563
YGL028C,1107,737
YGL029W,564,284
YGL030W,8560,6405
YGL032C,95,113
YGL033W,8,6
YGL035C,162,270
YGL036W,266,95
YGL037C,1002,549
YGL038C,404,258
YGL039W,587,271
YGL040C,1258,511
YGL041C-B,8,0
YGL041W-A,138,44
YGL043W,551,595
YGL044C,422,177
YGL045W,153,28
YGL047W,228,61
YGL048C,2093,997
YGL049C,237,870
YGL050W,295,110
YGL054C,2026,696
YGL055W,2515,1491
YGL056C,372,234
YGL057C,123,73
YGL058W,546,431
YGL059W,220,26
YGL060W,247,133
YGL061C,260,117
YGL063W,77,11
YGL064C,202,91
YGL065C,259,174
YGL066W,243,196
YGL067W,265,192
YGL068W,1130,465
YGL070C,556,397
YGL071W,189,165
YGL073W,312,183
YGL075C,313,46
YGL077C,1104,483
YGL078C,2326,1115
YGL079W,103,38
YGL080W,312,220
YGL081W,39,22
YGL082W,636,229
YGL083W,108,154
YGL084C,538,226
YGL085W,343,32
YGL086W,552,209
YGL087C,125,212
YGL089C,4,1
YGL090W,107,15
YGL091C,816,134
YGL092W,873,901
YGL093W,445,174
YGL094C,246,130
YGL095C,582,172
YGL096W,76,10
YGL097W,1124,547
YGL098W,448,94
YGL099W,447,946
YGL100W,967,279
YGL101W,924,271
YGL103W,27476,17058
YGL104C,259,36
YGL105W,1444,4368
YGL106W,1065,921
YGL107C,552,197
YGL108C,230,80
YGL110C,722,146
YGL111W,793,397
YGL112C,783,289
YGL113W,378,30
YGL114W,650,87
YGL115W,1124,303
YGL116W,298,173
YGL117W,194,20
YGL119W,732,152
YGL120C,1156,1039
YGL121C,25,4
YGL123W,25478,18535
YGL124C,858,49
YGL125W,73,101
YGL126W,638,79
YGL127C,71,75
YGL128C,67,39
YGL129C,401,206
YGL130W,793,199
YGL131C,201,46
YGL133W,342,158
YGL134W,510,22
YGL136C,374,21
YGL137W,1763,2112
YGL138C,17,0
YGL139W,378,297
YGL140C,496,189
YGL141W,369,137
YGL142C,341,103
YGL143C,288,60
YGL144C,365,40
YGL145W,647,158
YGL146C,25,6
YGL148W,2398,1660
YGL150C,447,295
YGL151W,463,246
YGL153W,353,171
YGL154C,97,18
YGL155W,502,76
YGL156W,93,19
YGL157W,414,382
YGL158W,32,0
YGL159W,553,90
YGL160W,372,116
YGL161C,1045,196
YGL162W,55,31
YGL163C,252,102
YGL164C,269,129
YGL166W,553,82
YGL167C,550,593
YGL169W,474,152
YGL170C,14,0
YGL171W,711,562
YGL172W,1220,434
YGL173C,813,2670
YGL174W,99,93
YGL175C,29,16
YGL176C,184,23
YGL178W,126,150
YGL179C,157,47
YGL180W,30,86
YGL181W,344,261
YGL183C,22,1
YGL184C,29,41
YGL185C,251,82
YGL186C,1766,372
YGL187C,533,349
YGL190C,706,276
YGL191W,497,362
YGL192W,20,0
YGL193C,56,0
YGL194C,222,111
YGL194C-A,168,46
YGL195W,1345,3263
YGL196W,716,177
YGL197W,228,176
YGL198W,439,178
YGL200C,1296,699
YGL201C,404,321
YGL202W,1201,1766
YGL203C,542,417
YGL205W,7,3
YGL206C,753,4755
YGL207W,981,1998
YGL208W,175,54
YGL209W,114,95
YGL210W,324,154
YGL211W,751,91
YGL212W,223,107
YGL213C,511,289
YGL215W,330,131
YGL216W,206,110
YGL219C,184,120
YGL220W,499,240
YGL221C,1014,465
YGL222C,58,191
YGL223C,509,135
YGL224C,389,84
YGL225W,1063,1426
YGL226C-A,240,276
YGL226W,74,50
YGL227W,182,78
YGL228W,842,672
YGL229C,93,25
YGL230C,6,2
YGL231C,832,404
YGL232W,851,426
YGL233W,510,187
YGL234W,3624,3862
YGL235W,1,0
YGL236C,172,24
YGL237C,71,59
YGL238W,1349,761
YGL240W,46,18
YGL241W,578,204
YGL242C,420,313
YGL243W,652,34
YGL244W,937,769
YGL245W,1784,7680
YGL246C,1171,199
YGL247W,317,44
YGL248W,294,56
YGL249W,31,4
YGL250W,96,30
YGL251C,179,15
YGL252C,676,222
YGL253W,2896,9876
YGL254W,153,91
YGL255W,685,84
YGL256W,795,95
YGL257C,1087,68
YGL258W,14,0
YGL258W-A,4,0
YGL262W,4,0
YGL263W,121,11
YGR001C,381,431
YGR002C,449,141
YGR003W,526,124
YGR004W,371,79
YGR005C,549,352
YGR006W,79,70
YGR007W,653,262
YGR008C,192,128
YGR009C,523,479
YGR010W,198,115
YGR012W,347,122
YGR013W,309,133
YGR014W,411,1057
YGR015C,93,22
YGR016W,126,45
YGR017W,446,207
YGR019W,434,173
YGR020C,949,797
YGR021W,252,44
YGR023W,60,20
YGR024C,1094,109
YGR026W,510,440
YGR027C,9012,10901
YGR028W,607,79
YGR029W,407,134
YGR030C,171,141
YGR031W,600,147
YGR032W,314,225
YGR033C,1201,181
YGR034W,13499,9271
YGR035C,241,125
YGR035W-A,1,0
YGR036C,279,76
YGR037C,559,1739
YGR038W,241,231
YGR040W,334,77
YGR041W,244,130
YGR042W,412,46
YGR043C,74,8
YGR044C,347,124
YGR046W,460,75
YGR047C,498,167
YGR048W,504,221
YGR049W,51,113
YGR052W,33,31
YGR053C,63,6
YGR054W,457,1170
YGR055W,522,894
YGR056W,195,209
YGR057C,321,26
YGR058W,93,121
YGR059W,33,1
YGR060W,1451,1706
YGR061C,2814,3534
YGR062C,362,14
YGR063C,336,202
YGR065C,702,126
YGR066C,9,0
YGR067C,13,9
YGR068C,72,48
YGR070W,188,48
YGR071C,338,107
YGR072W,496,123
YGR074W,457,228
YGR075C,267,46
YGR076C,176,110
YGR077C,314,57
YGR078C,172,371
YGR079W,591,246
YGR080W,240,184
YGR081C,1041,418
YGR082W,349,406
YGR083C,798,761
YGR084C,684,185
YGR086C,1123,2770
YGR088W,148,14
YGR089W,427,164
YGR090W,1371,715
YGR091W,268,91
YGR092W,637,205
YGR093W,713,175
YGR094W,3006,5152
YGR095C,384,142
YGR096W,57,14
YGR097W,246,160
YGR098C,284,100
YGR099W,556,88
YGR100W,489,153
YGR101W,591,108
YGR102C,109,94
YGR103W,4083,1961
YGR104C,361,81
YGR105W,335,262
YGR106C,3105,1007
YGR108W,1814,195
YGR109C,91,121
YGR110W,24,8
YGR111W,478,224
YGR112W,212,41
YGR113W,506,115
YGR116W,1058,1936
YGR117C,960,159
YGR119C,1488,548
YGR120C,250,68
YGR121C,115,10
YGR121W-A,17,0
YGR122W,247,79
YGR123C,506,766
YGR124W,3534,3200
YGR125W,361,201
YGR126W,18,43
YGR127W,86,34
YGR128C,1255,627
YGR129W,187,81
YGR130C,379,782
YGR131W,71,7
YGR132C,1369,511
YGR133W,54,49
YGR134W,393,88
YGR135W,2008,816
YGR136W,396,602
YGR140W,234,126
YGR141W,447,113
YGR142W,316,268
YGR143W,406,130
YGR144W,48,5
YGR145W,818,770
YGR146C,138,116
YGR146C-A,6,2
YGR147C,1173,196
YGR149W,295,64
YGR150C,540,60
YGR152C,813,282
YGR153W,113,24
YGR154C,235,1
YGR155W,3214,4463
YGR156W,126,167
YGR157W,916,877
YGR158C,433,281
YGR159C,3517,3395
YGR161C,307,134
YGR161W-C,61,17
YGR162W,2350,3850
YGR163W,246,161
YGR165W,940,203
YGR166W,218,68
YGR167W,534,1269
YGR168C,478,21
YGR169C,163,39
YGR169C-A,323,341
YGR170W,429,92
YGR171C,210,49
YGR172C,377,415
YGR173W,945,540
YGR174C,84,47
YGR174W-A,5,1
YGR175C,2339,2573
YGR177C,366,195
YGR178C,1224,1031
YGR179C,386,97
YGR180C,2433,3707
YGR181W,171,281
YGR183C,282,90
YGR184C,434,495
YGR185C,1116,1828
YGR186W,673,580
YGR187C,993,645
YGR188C,249,40
YGR189C,1050,1415
YGR191W,663,549
YGR193C,319,518
YGR194C,219,42
YGR195W,298,305
YGR196C,525,223
YGR197C,187,45
YGR198W,688,177
YGR199W,734,241
YGR200C,1615,531
YGR201C,168,8
YGR202C,567,203
YGR203W,46,57
YGR204C-A,9,0
YGR204W,1540,3435
YGR205W,110,137
YGR206W,164,77
YGR207C,899,556
YGR208W,1532,477
YGR209C,1590,1953
YGR210C,552,376
YGR211W,1063,1227
YGR212W,144,29
YGR213C,31,3
YGR214W,9504,8287
YGR215W,250,173
YGR216C,622,68
YGR217W,267,144
YGR218W,1022,1300
YGR220C,416,156
YGR221C,70,36
YGR222W,568,59
YGR223C,269,58
YGR224W,8,1
YGR225W,16,5
YGR227W,213,203
YGR229C,1437,683
YGR230W,98,19
YGR231C,750,428
YGR232W,281,242
YGR233C,589,328
YGR234W,3850,3276
YGR235C,621,217
YGR236C,5,0
YGR237C,198,142
YGR238C,91,52
YGR239C,138,51
YGR240C,2076,8704
YGR241C,201,181
YGR243W,81,17
YGR244C,308,327
YGR245C,1247,751
YGR246C,582,197
YGR247W,281,55
YGR248W,28,9
YGR249W,8,2
YGR250C,374,167
YGR251W,343,169
YGR252W,425,120
YGR253C,1605,1190
YGR255C,298,95
YGR256W,11,13
YGR257C,517,47
YGR258C,264,62
YGR260W,1378,426
YGR261C,863,335
YGR262C,588,133
YGR263C,262,45
YGR264C,3647,2584
YGR266W,484,252
YGR267C,1172,464
YGR268C,58,67
YGR270W,418,317
YGR271C-A,1155,351
YGR271W,314,249
YGR273C,2,1
YGR274C,636,161
YGR275W,235,334
YGR276C,944,223
YGR277C,610,129
YGR278W,294,73
YGR279C,781,4614
YGR280C,325,413
YGR281W,528,307
YGR282C,2234,3206
YGR283C,855,116
YGR284C,1025,663
YGR285C,1963,5888
YGR286C,887,217
YGR288W,137,15
YGR289C,39,0
YHL002W,614,270
YHL003C,2398,497
YHL004W,229,219
YHL006C,65,5
YHL007C,420,469
YHL008C,159,58
YHL009C,123,104
YHL010C,108,52
YHL011C,1520,868
YHL012W,47,3
YHL013C,764,312
YHL014C,322,38
YHL015W,17842,11724
YHL015W-A,2,1
YHL016C,242,7
YHL017W,643,179
YHL018W,16,35
YHL019C,276,56
YHL020C,840,140
YHL021C,320,215
YHL022C,15,7
YHL023C,219,98
YHL025W,1338,125
YHL026C,104,13
YHL027W,570,271
YHL028W,120,39
YHL029C,329,111
YHL030W,383,631
YHL031C,119,153
YHL032C,159,14
YHL034C,493,2629
YHL035C,208,23
YHL036W,79,20
YHL038C,250,78
YHL039W,503,300
YHL040C,263,81
YHL042W,20,8
YHL043W,5,0
YHL044W,95,14
YHL047C,398,63
YHR001W,855,293
YHR001W-A,65,90
YHR002W,269,31
YHR003C,918,169
YHR004C,433,57
YHR005C,1836,332
YHR005C-A,750,490
YHR006W,684,202
YHR007C,2911,2033
YHR007C-A,15,0
YHR008C,320,610
YHR009C,786,199
YHR010W,16275,11704
YHR011W,112,62
YHR012W,713,222
YHR013C,184,469
YHR014W,18,1
YHR015W,118,22
YHR016C,491,176
YHR017W,599,79
YHR018C,1372,448
YHR019C,2280,4320
YHR020W,2939,3594
YHR021C,7287,6545
YHR021W-A,67,11
YHR022C,156,7
YHR022C-A,15,0
YHR023W,565,514
YHR024C,493,205
YHR025W,468,872
YHR026W,995,858
YHR027C,1707,1952
YHR028C,745,322
YHR029C,322,217
YHR030C,646,236
YHR031C,346,62
YHR032W,757,255
YHR033W,65,0
YHR034C,198,80
YHR035W,107,19
YHR036W,389,115
YHR037W,238,408
YHR038W,107,119
YHR039C,547,368
YHR039C-A,609,1910
YHR040W,367,85
YHR041C,172,76
YHR042W,480,863
YHR045W,1031,137
YHR046C,503,169
YHR047C,1012,803
YHR048W,185,18
YHR049W,1005,591
YHR050W,418,172
YHR050W-A,143,15
YHR051W,681,432
YHR052W,2322,1006
YHR057C,351,129
YHR058C,401,105
YHR059W,157,112
YHR060W,327,154
YHR061C,66,130
YHR062C,302,156
YHR063C,1096,414
YHR064C,4068,5190
YHR065C,988,614
YHR067W,206,17
YHR068W,1542,1652
YHR069C,1419,224
YHR070W,316,184
YHR071W,148,49
YHR072W,1147,179
YHR072W-A,1403,1081
YHR073W,792,201
YHR074W,651,390
YHR075C,126,36
YHR076W,656,234
YHR077C,661,255
YHR078W,448,57
YHR079C,270,90
YHR079C-A,2,3
YHR080C,306,28
YHR081W,576,242
YHR082C,392,337
YHR083W,192,94
YHR084W,278,300
YHR085W,1082,182
YHR086W,180,175
YHR087W,53,50
YHR088W,762,490
YHR089C,1718,1200
YHR090C,436,70
YHR091C,217,28
YHR094C,534,646
YHR097C,93,91
YHR098C,522,627
YHR099W,413,703
YHR101C,165,60
YHR102W,238,198
YHR103W,804,265
YHR104W,205,382
YHR105W,78,38
YHR106W,310,46
YHR107C,381,596
YHR108W,466,1079
YHR109W,119,48
YHR110W,358,78
YHR111W,574,187
YHR112C,213,118
YHR113W,507,265
YHR114W,217,291
YHR115C,301,160
YHR116W,63,39
YHR117W,328,307
YHR118C,221,91
YHR119W,467,150
YHR120W,594,85
YHR121W,740,289
YHR122W,652,186
YHR123W,511,224
YHR124W,19,2
YHR126C,6,2
YHR127W,263,294
YHR128W,764,1196
YHR129C,205,47
YHR131C,304,46
YHR132C,739,450
YHR132W-A,386,170
YHR133C,1995,496
YHR134W,390,24
YHR135C,474,538
YHR136C,967,305
YHR137W,2000,375
YHR138C,80,53
YHR139C,11,0
YHR140W,54,10
YHR142W,799,178
YHR143W,1171,1515
YHR143W-A,525,312
YHR144C,511,142
YHR146W,911,1402
YHR147C,580,166
YHR148W,399,310
YHR149C,346,154
YHR150W,249,34
YHR151C,235,67
YHR152W,285,290
YHR153C,97,24
YHR154W,449,409
YHR155W,278,105
YHR156C,245,48
YHR157W,53,2
YHR158C,379,409
YHR159W,189,54
YHR160C,7,1
YHR161C,562,127
YHR162W,3717,700
YHR163W,702,298
YHR164C,244,107
YHR165C,548,356
YHR166C,444,73
YHR167W,503,91
YHR168W,202,44
YHR169W,968,240
YHR170W,2364,697
YHR171W,204,34
YHR172W,189,99
YHR175W,199,105
YHR176W,68,13
YHR177W,6,7
YHR178W,160,27
YHR179W,1830,3987
YHR181W,529,207
YHR182W,150,50
YHR183W,2394,4919
YHR184W,102,25
YHR185C,9,4
YHR186C,300,193
YHR187W,643,114
YHR188C,355,247
YHR189W,17,10
YHR190W,772,1052
YHR191C,239,113
YHR192W,360,147
YHR193C,2081,5793
YHR194W,192,23
YHR195W,683,67
YHR196W,2964,462
YHR197W,1283,408
YHR198C,234,72
YHR199C,269,98
YHR199C-A,32,19
YHR200W,748,748
YHR201C,1610,456
YHR202W,155,32
YHR204W,771,62
YHR205W,221,406
YHR206W,206,304
YHR207C,716,240
YHR208W,1842,2841
YHR209W,122,37
YHR210C,137,8
YIL001W,289,59
YIL002C,375,80
YIL002W-A,261,241
YIL003W,441,95
YIL004C,357,147
YIL005W,225,300
YIL006W,43,18
YIL007C,249,57
YIL008W,363,343
YIL009C-A,351,57
YIL009W,474,241
YIL010W,100,291
YIL011W,42,71
YIL013C,78,9
YIL014C-A,26,23
YIL014W,934,122
YIL015W,1357,863
YIL016W,348,143
YIL017C,407,45
YIL019W,772,295
YIL020C,506,229
YIL021W,1139,436
YIL022W,435,458
YIL023C,772,89
YIL024C,69,5
YIL026C,259,243
YIL027C,868,255
YIL029C,155,1
YIL030C,644,665
YIL031W,172,70
YIL033C,230,392
YIL034C,232,334
YIL035C,1368,282
YIL036W,208,276
YIL037C,40,2
YIL038C,590,633
YIL039W,925,412
YIL040W,280,164
YIL041W,375,1498
YIL042C,59,21
YIL043C,2001,778
YIL044C,348,288
YIL045W,191,57
YIL046W,366,67
YIL047C,1486,162
YIL048W,378,177
YIL049W,165,54
YIL050W,228,140
YIL051C,1118,3876
YIL053W,3849,6167
YIL055C,90,28
YIL056W,263,117
YIL057C,2,0
YIL061C,90,53
YIL062C,910,644
YIL063C,760,403
YIL064W,719,187
YIL065C,285,111
YIL066C,41,32
YIL067C,489,76
YIL068C,435,143
YIL070C,563,451
YIL071C,391,41
YIL072W,33,5
YIL073C,79,6
YIL074C,1275,655
YIL075C,1985,1382
YIL076W,1876,803
YIL077C,273,45
YIL078W,6800,7776
YIL079C,450,160
YIL083C,325,208
YIL084C,181,125
YIL087C,46,28
YIL088C,730,180
YIL089W,105,16
YIL090W,380,113
YIL091C,1268,378
YIL092W,154,32
YIL093C,496,168
YIL094C,2056,841
YIL095W,173,136
YIL096C,462,127
YIL097W,149,31
YIL098C,215,80
YIL099W,18,2
YIL101C,5,10
YIL102C-A,49,17
YIL103W,810,186
YIL104C,781,167
YIL105C,535,234
YIL106W,168,194
YIL107C,281,71
YIL108W,409,199
YIL109C,839,1410
YIL110W,1102,210
YIL111W,402,93
YIL112W,408,247
YIL113W,71,4
YIL114C,554,99
YIL115C,760,997
YIL116W,1911,440
YIL117C,958,185
YIL118W,1143,342
YIL119C,209,225
YIL120W,258,9
YIL121W,507,125
YIL122W,57,17
YIL123W,511,2255
YIL124W,935,475
YIL125W,221,892
YIL126W,492,614
YIL127C,615,262
YIL128W,408,279
YIL129C,468,286
YIL131C,219,206
YIL132C,89,34
YIL133C,3195,6065
YIL134C-A,5,0
YIL134W,563,24
YIL135C,255,198
YIL136W,284,58
YIL137C,377,623
YIL138C,1040,873
YIL139C,397,22
YIL140W,177,309
YIL142W,1852,1359
YIL143C,622,190
YIL144W,291,153
YIL145C,357,302
YIL146C,85,15
YIL147C,388,138
YIL149C,502,282
YIL150C,125,107
YIL151C,539,81
YIL152W,89,19
YIL153W,121,60
YIL154C,368,123
YIL155C,93,68
YIL156W,145,87
YIL157C,424,174
YIL158W,380,67
YIL159W,146,73
YIL160C,12,0
YIL161W,255,97
YIL162W,148,240
YIL164C,307,0
YIL165C,165,1
YIL166C,53,20
YIR001C,103,178
YIR002C,391,89
YIR003W,274,321
YIR004W,975,340
YIR005W,248,55
YIR006C,446,1963
YIR007W,88,60
YIR008C,723,192
YIR009W,126,58
YIR010W,192,120
YIR011C,998,182
YIR012W,1921,531
YIR013C,3,0
YIR014W,21,18
YIR015W,123,44
YIR016W,222,0
YIR017C,79,51
YIR018C-A,2,2
YIR018W,394,66
YIR021W,410,50
YIR021W-A,23,1
YIR022W,494,264
YIR023W,177,114
YIR024C,188,87
YIR025W,101,63
YIR026C,535,261
YIR027C,19,5
YIR028W,11,0
YIR029W,62,8
YIR030C,79,28
YIR031C,892,10
YIR032C,81,1
YIR033W,739,294
YIR034C,163,288
YIR035C,395,92
YIR036C,150,102
YIR037W,359,663
YIR038C,237,138
YIR039C,56,7
YIR042C,29,1
YJL001W,1325,620
YJL002C,1724,820
YJL003W,96,86
YJL004C,665,132
YJL005W,313,255
YJL006C,525,116
YJL008C,1558,1110
YJL010C,794,513
YJL011C,513,229
YJL012C,1848,3092
YJL013C,452,71
YJL014W,2314,1312
YJL016W,228,49
YJL019W,104,155
YJL020C,244,1042
YJL023C,363,52
YJL024C,298,179
YJL025W,123,19
YJL026W,945,1949
YJL027C,14,0
YJL029C,501,150
YJL030W,257,70
YJL031C,568,134
YJL033W,870,743
YJL034W,2137,4596
YJL035C,305,40
YJL036W,350,164
YJL037W,9,1
YJL038C,11,5
YJL039C,722,643
YJL042W,168,307
YJL043W,11,1
YJL044C,635,146
YJL045W,32,5
YJL046W,362,39
YJL047C,178,80
YJL048C,363,45
YJL049W,534,117
YJL050W,1701,1497
YJL051W,157,52
YJL053W,523,186
YJL054W,442,193
YJL055W,1127,374
YJL056C,261,41
YJL057C,480,41
YJL058C,236,40
YJL059W,199,45
YJL060W,177,355
YJL061W,804,245
YJL062W,290,215
YJL062W-A,150,145
YJL063C,238,153
YJL065C,164,76
YJL066C,113,67
YJL068C,442,245
YJL069C,1339,409
YJL070C,239,46
YJL071W,514,54
YJL072C,399,106
YJL073W,146,144
YJL074C,391,407
YJL076W,509,963
YJL077C,11,2
YJL077W-B,14,0
YJL078C,326,448
YJL079C,187,236
YJL080C,985,7472
YJL081C,770,203
YJL082W,218,128
YJL083W,37,51
YJL084C,137,171
YJL085W,513,124
YJL087C,334,292
YJL088W,21,30
YJL089W,5,1
YJL090C,306,58
YJL091C,391,158
YJL092W,232,68
YJL093C,424,41
YJL094C,433,102
YJL095W,182,135
YJL096W,321,160
YJL097W,402,300
YJL098W,1040,282
YJL099W,470,107
YJL100W,84,22
YJL101C,270,172
YJL102W,70,48
YJL103C,36,12
YJL104W,608,281
YJL105W,16,2
YJL106W,109,0
YJL107C,61,36
YJL108C,76,0
YJL109C,1510,868
YJL110C,296,173
YJL111W,1753,1277
YJL112W,727,106
YJL115W,245,249
YJL116C,18,19
YJL117W,1617,636
YJL118W,38,16
YJL121C,271,692
YJL122W,659,424
YJL123C,1484,735
YJL124C,451,372
YJL125C,654,180
YJL126W,500,64
YJL127C,224,76
YJL127C-B,247,53
YJL128C,316,289
YJL129C,432,93
YJL130C,1349,6536
YJL131C,154,93
YJL132W,309,27
YJL133C-A,196,136
YJL133W,524,94
YJL134W,1012,165
YJL136C,5362,5903
YJL136W-A,1,0
YJL137C,158,44
YJL139C,289,50
YJL140W,1371,493
YJL141C,293,120
YJL143W,778,303
YJL144W,24,8
YJL145W,767,420
YJL146W,311,78
YJL147C,270,39
YJL148W,2013,624
YJL149W,134,108
YJL151C,484,371
YJL153C,75,7
YJL154C,635,301
YJL155C,349,88
YJL156C,406,150
YJL157C,933,371
YJL158C,1062,4551
YJL160C,44,7
YJL161W,44,11
YJL162C,423,65
YJL163C,125,26
YJL164C,162,101
YJL165C,425,278
YJL166W,422,363
YJL167W,1515,1838
YJL168C,923,374
YJL170C,65,25
YJL171C,454,561
YJL172W,257,802
YJL173C,211,294
YJL174W,762,489
YJL176C,447,386
YJL177W,3538,6340
YJL178C,1138,409
YJL179W,632,246
YJL180C,600,118
YJL181W,325,69
YJL183W,1363,316
YJL184W,208,161
YJL185C,46,20
YJL186W,1113,644
YJL187C,257,81
YJL189W,5664,8488
YJL190C,15748,10744
YJL192C,989,377
YJL193W,629,84
YJL194W,161,114
YJL196C,1650,417
YJL197W,382,230
YJL198W,913,410
YJL200C,1364,811
YJL201W,321,167
YJL203W,274,129
YJL204C,265,157
YJL205C,57,32
YJL206C,221,45
YJL207C,639,272
YJL208C,265,146
YJL209W,342,37
YJL210W,142,35
YJL212C,206,321
YJL213W,573,1
YJL214W,29,13
YJL216C,55,0
YJL217W,985,555
YJL218W,64,57
YJR001W,876,326
YJR002W,1605,553
YJR003C,1199,180
YJR004C,94,8
YJR005C-A,4,12
YJR005W,523,154
YJR006W,401,129
YJR007W,760,1652
YJR008W,165,8
YJR010C-A,246,148
YJR010W,419,172
YJR011C,319,49
YJR012C,96,43
YJR013W,629,146
YJR014W,524,765
YJR015W,1038,551
YJR016C,4362,5750
YJR017C,154,235
YJR019C,96,37
YJR021C,83,62
YJR022W,113,52
YJR024C,885,187
YJR025C,312,198
YJR030C,177,93
YJR031C,466,236
YJR032W,441,363
YJR033C,145,135
YJR034W,96,100
YJR035W,264,57
YJR036C,143,12
YJR039W,240,18
YJR040W,429,170
YJR041C,604,295
YJR042W,1175,364
YJR043C,281,126
YJR044C,190,198
YJR045C,1317,9486
YJR046W,267,134
YJR048W,81,255
YJR049C,438,212
YJR050W,416,120
YJR051W,633,258
YJR052W,337,72
YJR053W,144,67
YJR054W,725,54
YJR055W,191,69
YJR056C,323,89
YJR057W,582,155
YJR058C,306,94
YJR059W,208,295
YJR060W,930,582
YJR061W,233,16
YJR062C,270,92
YJR063W,206,300
YJR064W,3559,1514
YJR065C,655,781
YJR066W,508,200
YJR067C,184,99
YJR068W,904,282
YJR069C,465,462
YJR070C,1218,1882
YJR072C,1726,519
YJR073C,315,102
YJR074W,295,115
YJR075W,975,419
YJR076C,755,438
YJR077C,351,816
YJR078W,34,7
YJR079W,11,1
YJR080C,209,114
YJR082C,168,91
YJR083C,196,122
YJR084W,366,85
YJR085C,571,331
YJR086W,213,317
YJR088C,967,487
YJR089W,358,110
YJR090C,453,252
YJR091C,152,283
YJR092W,417,646
YJR093C,180,195
YJR094C,53,46
YJR094W-A,8478,4517
YJR095W,5,1
YJR096W,341,76
YJR097W,424,62
YJR098C,167,39
YJR099W,331,117
YJR100C,544,73
YJR101W,952,157
YJR102C,210,54
YJR103W,721,185
YJR104C,2138,3414
YJR105W,3323,2348
YJR106W,97,37
YJR107W,53,0
YJR108W,42,16
YJR109C,713,897
YJR110W,260,56
YJR111C,275,95
YJR112W,435,106
YJR112W-A,225,44
YJR113C,500,99
YJR116W,116,49
YJR117W,315,617
YJR118C,421,251
YJR119C,241,33
YJR120W,29,8
YJR121W,1044,2587
YJR122W,270,41
YJR123W,18265,22280
YJR124C,678,139
YJR125C,679,634
YJR126C,684,145
YJR127C,312,92
YJR129C,167,47
YJR130C,522,52
YJR131W,126,161
YJR132W,642,338
YJR133W,378,236
YJR135C,236,32
YJR135W-A,224,216
YJR136C,630,47
YJR137C,359,503
YJR138W,323,150
YJR139C,4264,2562
YJR140C,398,154
YJR141W,671,35
YJR142W,334,193
YJR143C,950,1048
YJR144W,910,295
YJR147W,101,37
YJR148W,3054,2112
YJR149W,154,1
YJR150C,24,20
YJR152W,151,0
YJR153W,29,0
YJR154W,126,3
YJR155W,160,2
YKL001C,654,264
YKL002W,719,262
YKL003C,224,151
YKL004W,459,275
YKL005C,448,135
YKL006C-A,490,92
YKL007W,579,397
YKL008C,1513,497
YKL009W,2689,1114
YKL010C,501,296
YKL011C,358,33
YKL012W,717,114
YKL013C,563,369
YKL014C,810,651
YKL015W,435,73
YKL016C,463,513
YKL017C,305,92
YKL018C-A,103,60
YKL018W,299,135
YKL019W,377,114
YKL020C,373,162
YKL021C,1411,405
YKL022C,212,119
YKL023W,87,110
YKL024C,595,610
YKL025C,178,277
YKL026C,57,13
YKL027W,1075,176
YKL028W,744,185
YKL029C,621,873
YKL032C,287,563
YKL033W,510,78
YKL033W-A,1623,515
YKL034W,165,129
YKL035W,935,1707
YKL037W,2,0
YKL038W,215,99
YKL039W,385,509
YKL040C,935,401
YKL041W,440,196
YKL042W,114,161
YKL043W,143,112
YKL045W,662,178
YKL046C,1242,456
YKL047W,498,142
YKL048C,347,50
YKL049C,284,183
YKL050C,107,1
YKL051W,67,48
YKL052C,297,95
YKL053C-A,190,181
YKL054C,986,3305
YKL055C,46,20
YKL056C,16091,12097
YKL057C,834,362
YKL058W,525,191
YKL059C,238,128
YKL060C,52270,80948
YKL061W,162,68
YKL062W,104,166
YKL063C,315,220
YKL064W,376,195
YKL065C,1079,351
YKL065W-A,19,4
YKL067W,1005,737
YKL068W,734,582
YKL068W-A,267,159
YKL069W,266,119
YKL070W,3,0
YKL071W,19,1
YKL072W,297,109
YKL073W,779,614
YKL074C,949,136
YKL075C,1138,121
YKL077W,1682,1048
YKL078W,383,144
YKL079W,533,134
YKL080W,2369,1353
YKL081W,2283,12179
YKL082C,1319,651
YKL084W,43,93
YKL085W,658,577
YKL086W,10,20
YKL087C,127,122
YKL088W,440,236
YKL089W,386,139
YKL091C,278,79
YKL092C,400,137
YKL093W,20,4
YKL094W,960,245
YKL095W,103,80
YKL096C-B,2,3
YKL096W,260,976
YKL096W-A,2044,6885
YKL098W,292,25
YKL099C,1314,403
YKL100C,650,314
YKL101W,525,442
YKL103C,126,204
YKL104C,918,999
YKL105C,155,139
YKL106W,965,223
YKL107W,8,1
YKL108W,200,75
YKL109W,82,101
YKL110C,575,147
YKL112W,402,332
YKL113C,897,290
YKL114C,820,275
YKL116C,186,89
YKL117W,1627,2294
YKL119C,536,172
YKL120W,1955,762
YKL121W,149,30
YKL122C,537,374
YKL124W,181,66
YKL125W,1174,311
YKL126W,972,523
YKL127W,869,939
YKL128C,923,328
YKL129C,142,326
YKL130C,288,183
YKL132C,168,7
YKL133C,149,14
YKL134C,248,117
YKL135C,791,283
YKL137W,294,159
YKL138C,248,175
YKL138C-A,149,140
YKL140W,728,167
YKL141W,341,308
YKL142W,666,688
YKL143W,1079,475
YKL144C,673,168
YKL145W,2178,1216
YKL146W,372,203
YKL148C,72,192
YKL149C,346,73
YKL150W,461,235
YKL151C,357,118
YKL152C,33065,42092
YKL154W,716,221
YKL155C,347,101
YKL156W,3359,2211
YKL157W,835,1118
YKL159C,41,43
YKL160W,656,428
YKL161C,151,2
YKL162C,37,28
YKL165C,446,323
YKL166C,947,171
YKL167C,275,197
YKL168C,238,78
YKL170W,349,138
YKL171W,111,31
YKL172W,2398,2528
YKL173W,382,232
YKL174C,719,136
YKL175W,430,303
YKL176C,667,72
YKL178C,46,7
YKL179C,956,375
YKL180W,3428,11355
YKL181W,4111,936
YKL182W,2653,10304
YKL183C-A,10,0
YKL183W,662,145
YKL184W,498,620
YKL185W,659,428
YKL186C,709,199
YKL187C,37,1
YKL188C,162,14
YKL189W,190,81
YKL190W,513,276
YKL191W,484,262
YKL192C,188,766
YKL193C,277,226
YKL194C,245,66
YKL195W,1007,506
YKL196C,1416,914
YKL197C,148,118
YKL198C,125,43
YKL201C,236,65
YKL203C,289,254
YKL204W,203,477
YKL205W,915,366
YKL206C,299,155
YKL207W,1151,309
YKL208W,323,55
YKL209C,2105,674
YKL210W,1723,3487
YKL211C,1015,517
YKL212W,1937,1278
YKL213C,775,314
YKL214C,114,236
YKL215C,281,350
YKL216W,4100,2960
YKL217W,49,8
YKL218C,299,50
YKL219W,501,79
YKL220C,95,1
YKL221W,8,1
YKL222C,197,6
YKR001C,1347,1805
YKR002W,307,210
YKR003W,334,209
YKR004C,185,45
YKR005C,66,1
YKR006C,398,214
YKR007W,164,119
YKR008W,350,426
YKR009C,113,18
YKR010C,247,164
YKR011C,254,167
YKR013W,855,889
YKR014C,631,477
YKR015C,15,0
YKR016W,468,255
YKR017C,388,36
YKR018C,752,456
YKR019C,155,54
YKR020W,149,140
YKR021W,195,84
YKR022C,442,60
YKR023W,362,168
YKR024C,681,266
YKR025W,721,342
YKR026C,1062,376
YKR027W,456,77
YKR028W,713,276
YKR029C,444,217
YKR030W,475,112
YKR031C,438,145
YKR034W,4,0
YKR035W-A,592,306
YKR036C,368,48
YKR037C,410,62
YKR038C,1078,204
YKR039W,168,60
YKR041W,10,10
YKR042W,1816,4097
YKR043C,734,769
YKR044W,373,36
YKR045C,35,40
YKR046C,86,47
YKR048C,885,959
YKR049C,155,67
YKR050W,98,2
YKR051W,426,52
YKR052C,490,90
YKR053C,98,7
YKR054C,294,174
YKR055W,147,89
YKR056W,666,449
YKR057W,7752,5522
YKR058W,144,9
YKR060W,316,178
YKR061W,561,23
YKR062W,325,306
YKR063C,485,75
YKR064W,475,64
YKR065C,228,261
YKR066C,491,377
YKR067W,128,209
YKR068C,614,209
YKR069W,420,45
YKR070W,469,244
YKR071C,1066,629
YKR072C,388,297
YKR074W,726,383
YKR075C,44,49
YKR076W,22,28
YKR077W,79,91
YKR078W,232,39
YKR079C,789,125
YKR080W,4354,615
YKR081C,793,824
YKR082W,1006,470
YKR083C,189,120
YKR084C,605,429
YKR085C,653,208
YKR086W,620,114
YKR087C,942,124
YKR088C,715,173
YKR089C,296,203
YKR090W,312,274
YKR091W,94,51
YKR092C,1081,1331
YKR093W,446,958
YKR095W,759,770
YKR095W-A,82,107
YKR096W,236,178
YKR097W,74,1
YKR098C,50,22
YKR099W,356,115
YKR100C,539,132
YKR101W,384,38
YKR103W,80,3
YKR104W,16,1
YLL001W,483,378
YLL002W,211,42
YLL003W,439,37
YLL004W,734,100
YLL005C,8,0
YLL006W,167,99
YLL006W-A,1,0
YLL007C,133,77
YLL008W,1942,1037
YLL009C,118,136
YLL010C,289,157
YLL011W,1232,409
YLL012W,160,104
YLL013C,151,263
YLL014W,637,283
YLL015W,519,299
YLL018C,802,3989
YLL018C-A,41,52
YLL019C,219,58
YLL021W,451,866
YLL022C,309,157
YLL023C,183,127
YLL026W,1175,2501
YLL027W,406,163
YLL028W,223,239
YLL029W,538,372
YLL031C,421,309
YLL032C,180,106
YLL033W,145,19
YLL034C,1125,485
YLL035W,367,92
YLL036C,531,170
YLL038C,135,78
YLL040C,244,1066
YLL041C,242,129
YLL042C,92,7
YLL043W,490,287
YLL046C,20,5
YLL048C,1107,950
YLL049W,145,19
YLL050C,4169,3507
YLL051C,409,74
YLL052C,37,6
YLL053C,40,0
YLL054C,193,34
YLL055W,281,11
YLL056C,32,0
YLL057C,53,2
YLL058W,191,88
YLL060C,165,2
YLL061W,135,111
YLL062C,62,77
YLL063C,159,27
YLR001C,170,120
YLR002C,1093,622
YLR003C,1097,370
YLR004C,44,8
YLR005W,713,168
YLR006C,228,82
YLR007W,611,57
YLR008C,494,227
YLR009W,867,1049
YLR010C,147,21
YLR011W,117,46
YLR012C,2,0
YLR014C,374,37
YLR015W,413,93
YLR016C,493,64
YLR017W,1219,420
YLR018C,665,151
YLR019W,314,191
YLR020C,814,108
YLR021W,236,94
YLR022C,1178,364
YLR023C,203,71
YLR024C,180,88
YLR025W,468,389
YLR026C,300,354
YLR027C,852,1727
YLR028C,2427,773
YLR030W,112,9
YLR031W,213,2
YLR032W,496,168
YLR033W,923,242
YLR034C,382,355
YLR035C,129,33
YLR036C,300,57
YLR038C,265,251
YLR039C,286,148
YLR040C,50,56
YLR042C,63,107
YLR043C,1377,2023
YLR044C,11349,113172
YLR045C,636,340
YLR046C,179,1
YLR047C,178,48
YLR049C,736,204
YLR050C,167,107
YLR051C,797,310
YLR052W,206,164
YLR053C,12,1
YLR054C,48,4
YLR055C,262,135
YLR056W,1380,1507
YLR057W,652,102
YLR058C,4747,5730
YLR059C,256,129
YLR060W,1865,2307
YLR061W,5990,9973
YLR063W,219,117
YLR064W,373,189
YLR065C,659,177
YLR066W,370,271
YLR067C,342,42
YLR068W,295,196
YLR069C,556,219
YLR070C,24,10
YLR071C,412,259
YLR072W,338,84
YLR073C,236,120
YLR074C,566,362
YLR075W,36527,25899
YLR077W,628,101
YLR078C,613,167
YLR079W,331,172
YLR080W,109,38
YLR081W,17,16
YLR082C,564,105
YLR083C,1162,970
YLR084C,450,337
YLR085C,467,66
YLR086W,322,196
YLR087C,161,96
YLR088W,558,286
YLR089C,551,722
YLR090W,639,121
YLR091W,117,23
YLR092W,122,33
YLR093C,989,286
YLR094C,118,122
YLR095C,348,152
YLR096W,435,260
YLR097C,373,59
YLR098C,202,46
YLR099C,214,81
YLR099W-A,129,75
YLR100W,1742,614
YLR102C,140,86
YLR103C,317,62
YLR104W,257,76
YLR105C,649,46
YLR106C,806,1233
YLR107W,858,91
YLR108C,236,120
YLR109W,1568,10193
YLR110C,9830,18949
YLR113W,1446,382
YLR114C,556,234
YLR115W,355,139
YLR116W,133,107
YLR117C,322,114
YLR118C,268,201
YLR119W,123,68
YLR120C,351,264
YLR121C,98,68
YLR125W,34,1
YLR126C,257,108
YLR127C,244,51
YLR128W,69,39
YLR129W,2207,548
YLR130C,1784,76
YLR131C,127,136
YLR132C,79,28
YLR133W,103,205
YLR135W,161,54
YLR136C,84,120
YLR137W,146,16
YLR138W,824,220
YLR139C,81,60
YLR141W,145,31
YLR142W,36,21
YLR143W,597,137
YLR144C,340,142
YLR145W,276,54
YLR146C,618,144
YLR146W-A,96,79
YLR147C,159,122
YLR148W,628,227
YLR149C,69,9
YLR150W,5774,14923
YLR151C,119,33
YLR152C,176,9
YLR153C,1407,2741
YLR154C,177,101
YLR162W-A,5,0
YLR163C,895,252
YLR164W,130,5
YLR165C,174,17
YLR166C,1182,230
YLR168C,263,69
YLR170C,409,205
YLR172C,442,685
YLR173W,194,51
YLR174W,68,2
YLR175W,5391,2929
YLR176C,55,97
YLR177W,195,29
YLR178C,116,54
YLR179C,715,754
YLR180W,1265,2582
YLR181C,311,135
YLR182W,429,232
YLR183C,583,299
YLR185W,2550,5130
YLR186W,933,419
YLR187W,78,239
YLR188W,335,173
YLR189C,481,112
YLR190W,360,289
YLR191W,519,98
YLR192C,833,1308
YLR193C,119,117
YLR194C,317,195
YLR195C,1219,492
YLR196W,1653,1000
YLR197W,4844,4046
YLR199C,177,187
YLR200W,359,345
YLR201C,129,100
YLR203C,242,208
YLR204W,147,128
YLR205C,70,9
YLR206W,330,471
YLR207W,171,203
YLR208W,1435,865
YLR209C,191,184
YLR210W,391,98
YLR211C,107,45
YLR212C,351,163
YLR213C,128,31
YLR214W,2092,976
YLR215C,318,72
YLR216C,2188,3246
YLR218C,96,36
YLR219W,148,160
YLR220W,575,299
YLR221C,1140,439
YLR222C,968,559
YLR223C,868,206
YLR224W,441,47
YLR225C,683,206
YLR226W,552,124
YLR227C,335,16
YLR228C,269,99
YLR229C,803,538
YLR231C,576,220
YLR233C,149,13
YLR234W,36,20
YLR237W,248,99
YLR238W,223,98
YLR239C,164,76
YLR240W,146,81
YLR241W,791,176
YLR242C,489,31
YLR243W,813,165
YLR244C,912,1784
YLR245C,39,60
YLR246W,215,10
YLR247C,599,128
YLR248W,857,747
YLR249W,26983,60230
YLR250W,932,571
YLR251W,249,14
YLR253W,549,88
YLR254C,343,57
YLR257W,3627,833
YLR258W,525,142
YLR259C,1151,7754
YLR260W,296,117
YLR262C,819,305
YLR262C-A,1043,1215
YLR263W,142,2
YLR264C-A,2,1
YLR264W,4868,3093
YLR265C,402,53
YLR266C,1522,46
YLR267W,91,21
YLR268W,292,438
YLR270W,124,253
YLR271W,230,36
YLR272C,199,144
YLR273C,62,16
YLR274W,752,276
YLR275W,164,91
YLR276C,1276,752
YLR277C,531,144
YLR278C,262,103
YLR281C,26,7
YLR283W,172,33
YLR284C,196,31
YLR285W,574,261
YLR286C,2065,3536
YLR287C,1054,245
YLR288C,448,40
YLR289W,246,38
YLR290C,340,103
YLR291C,422,359
YLR292C,961,434
YLR293C,1288,4859
YLR295C,266,370
YLR297W,29,28
YLR298C,250,82
YLR299W,99,92
YLR300W,2174,2169
YLR301W,1615,1005
YLR303W,1,0
YLR304C,1184,2686
YLR305C,520,413
YLR306W,205,54
YLR307C-A,6,1
YLR307W,29,7
YLR308W,4,0
YLR309C,618,342
YLR310C,572,310
YLR312C,12,1
YLR312W-A,781,134
YLR313C,375,36
YLR314C,1261,947
YLR315W,38,40
YLR316C,407,97
YLR318W,375,8
YLR319C,395,200
YLR320W,239,19
YLR321C,433,345
YLR323C,281,61
YLR324W,196,154
YLR325C,9590,9129
YLR326W,227,61
YLR327C,16,48
YLR328W,308,282
YLR329W,29,1
YLR330W,981,637
YLR332W,276,218
YLR333C,3355,4772
YLR335W,765,1057
YLR336C,1266,450
YLR337C,149,341
YLR340W,5206,24005
YLR341W,26,1
YLR342W,2501,4456
YLR343W,18,3
YLR345W,232,86
YLR346C,90,46
YLR347C,609,1020
YLR348C,1528,299
YLR350W,279,255
YLR351C,839,312
YLR352W,97,54
YLR353W,234,61
YLR354C,2015,3508
YLR355C,3547,17079
YLR356W,72,72
YLR357W,459,382
YLR359W,8319,2563
YLR360W,454,49
YLR361C,180,102
YLR362W,407,123
YLR363C,438,189
YLR363W-A,235,189
YLR364W,80,62
YLR367W,3693,2108
YLR368W,506,37
YLR369W,467,195
YLR370C,285,350
YLR371W,489,165
YLR372W,3645,1305
YLR373C,273,125
YLR375W,378,90
YLR376C,191,26
YLR377C,12,0
YLR378C,391,1388
YLR380W,155,281
YLR381W,225,31
YLR382C,194,70
YLR383W,266,87
YLR384C,1348,1149
YLR385C,24,28
YLR386W,267,269
YLR387C,1530,514
YLR388W,2230,3227
YLR389C,484,405
YLR390W,44,71
YLR390W-A,856,1606
YLR392C,390,44
YLR393W,52,69
YLR394W,63,0
YLR395C,229,295
YLR396C,369,116
YLR397C,573,309
YLR398C,422,564
YLR399C,1054,681
YLR401C,673,380
YLR403W,280,200
YLR404W,207,50
YLR405W,424,93
YLR406C,3153,3572
YLR406C-A,4,1
YLR407W,1324,197
YLR408C,84,43
YLR409C,1848,518
YLR410W,716,1088
YLR411W,61,7
YLR412C-A,10,4
YLR412W,318,69
YLR413W,1084,2119
YLR415C,5,1
YLR417W,465,58
YLR418C,987,378
YLR419W,377,301
YLR420W,1934,904
YLR421C,1118,616
YLR422W,304,108
YLR423C,196,50
YLR424W,444,60
YLR425W,190,87
YLR426W,127,40
YLR427W,500,158
YLR429W,1183,1297
YLR430W,393,380
YLR431C,159,18
YLR433C,380,297
YLR435W,568,323
YLR436C,282,82
YLR437C,140,125
YLR438C-A,456,349
YLR438W,109,742
YLR439W,104,122
YLR440C,618,206
YLR441C,27860,14572
YLR442C,618,176
YLR443W,756,47
YLR446W,65,25
YLR447C,4591,1753
YLR449W,934,1761
YLR450W,331,241
YLR451W,483,183
YLR452C,891,419
YLR453C,159,22
YLR454W,342,164
YLR455W,355,204
YLR456W,125,23
YLR457C,183,26
YLR459W,253,162
YML001W,1722,682
YML002W,259,6
YML003W,49,12
YML004C,1220,678
YML005W,320,88
YML006C,295,72
YML007C-A,3,5
YML007W,814,370
YML008C,661,1743
YML009C,233,206
YML010W,903,1952
YML011C,255,57
YML012W,2396,868
YML013W,204,184
YML014W,210,141
YML015C,351,114
YML016C,646,193
YML017W,458,635
YML018C,1077,134
YML019W,841,169
YML020W,209,57
YML021C,392,135
YML022W,2185,879
YML023C,451,22
YML025C,216,148
YML027W,126,161
YML028W,2891,10216
YML029W,299,147
YML030W,354,121
YML031W,693,210
YML032C,393,79
YML034W,302,269
YML035C,595,509
YML036W,222,121
YML037C,130,40
YML038C,825,123
YML041C,407,104
YML042W,119,9
YML043C,557,42
YML046W,779,128
YML047C,10,0
YML048W,825,681
YML049C,412,275
YML050W,174,23
YML051W,141,21
YML052W,876,521
YML053C,266,165
YML054C,69,3
YML055W,351,171
YML056C,4539,2302
YML057W,279,243
YML058W,449,1355
YML058W-A,3,39
YML059C,372,208
YML060W,202,120
YML061C,703,128
YML062C,892,154
YML063W,26684,17753
YML064C,1004,135
YML065W,576,400
YML066C,18,1
YML067C,1164,261
YML068W,444,26
YML069W,2055,989
YML070W,938,828
YML071C,393,169
YML072C,839,2052
YML073C,4066,11277
YML074C,928,1921
YML075C,623,311
YML076C,241,45
YML077W,491,161
YML078W,354,1023
YML079W,372,282
YML080W,776,155
YML081C-A,244,247
YML081W,476,132
YML082W,276,99
YML083C,2,3
YML085C,559,1413
YML086C,399,788
YML087C,65,10
YML088W,384,105
YML091C,109,131
YML092C,853,737
YML093W,1489,1138
YML094W,183,339
YML095C,128,40
YML096W,399,84
YML097C,611,165
YML098W,289,86
YML099C,539,52
YML100W,223,257
YML100W-A,5,0
YML101C,68,61
YML102W,614,95
YML103C,927,628
YML104C,503,32
YML105C,935,550
YML106W,1926,1332
YML107C,487,64
YML108W,292,195
YML109W,165,146
YML110C,795,456
YML111W,468,225
YML112W,123,89
YML113W,271,137
YML114C,223,88
YML115C,593,307
YML116W,855,67
YML117W,622,342
YML118W,29,6
YML119W,485,104
YML120C,185,160
YML121W,861,126
YML123C,8471,5834
YML124C,1290,605
YML125C,963,647
YML126C,1071,3126
YML127W,954,289
YML128C,325,51
YML129C,78,178
YML130C,499,631
YML131W,278,115
YMR001C,988,354
YMR001C-A,56,1
YMR002W,1067,931
YMR003W,173,67
YMR004W,313,203
YMR005W,491,272
YMR006C,419,572
YMR008C,232,266
YMR009W,151,85
YMR010W,352,151
YMR011W,409,1569
YMR012W,1109,3460
YMR013C,616,60
YMR014W,933,402
YMR015C,707,668
YMR016C,122,200
YMR017W,22,3
YMR018W,44,0
YMR019W,532,80
YMR020W,503,40
YMR021C,489,88
YMR022W,277,292
YMR023C,323,20
YMR024W,366,209
YMR025W,154,39
YMR026C,521,49
YMR027W,863,588
YMR028W,320,127
YMR029C,801,149
YMR030W,41,44
YMR031C,677,668
YMR032W,350,129
YMR033W,1072,286
YMR034C,114,15
YMR035W,222,28
YMR036C,324,64
YMR037C,160,272
YMR038C,1019,740
YMR039C,624,359
YMR040W,120,7
YMR041C,254,26
YMR042W,119,27
YMR043W,285,244
YMR044W,577,268
YMR047C,753,780
YMR048W,282,81
YMR049C,662,1173
YMR052W,86,42
YMR053C,60,8
YMR054W,430,266
YMR055C,66,25
YMR056C,169,5
YMR058W,753,1733
YMR059W,152,77
YMR060C,320,82
YMR061W,1619,250
YMR062C,588,377
YMR063W,74,10
YMR064W,400,73
YMR065W,498,11
YMR066W,556,46
YMR067C,175,246
YMR068W,202,25
YMR069W,20,10
YMR070W,189,163
YMR071C,815,260
YMR072W,672,1346
YMR073C,266,66
YMR074C,941,455
YMR075W,367,137
YMR076C,240,339
YMR077C,320,67
YMR078C,324,117
YMR079W,474,1587
YMR080C,824,513
YMR081C,5,2
YMR083W,1652,2531
YMR084W,25,1
YMR085W,62,0
YMR086W,205,421
YMR087W,114,38
YMR088C,610,165
YMR089C,559,323
YMR090W,265,18
YMR091C,479,544
YMR092C,1761,647
YMR093W,739,377
YMR094W,81,25
YMR095C,6,1
YMR096W,99,4
YMR097C,344,96
YMR098C,358,91
YMR099C,1473,995
YMR100W,514,102
YMR101C,17,12
YMR102C,402,162
YMR104C,146,25
YMR105C,140,66
YMR106C,105,57
YMR107W,8,1
YMR108W,1493,3567
YMR109W,377,796
YMR110C,604,215
YMR111C,335,44
YMR112C,219,83
YMR113W,681,134
YMR114C,130,49
YMR115W,269,150
YMR116C,28359,13577
YMR117C,154,106
YMR118C,5,0
YMR119W,623,95
YMR120C,5690,2872
YMR122W-A,1157,1134
YMR123W,269,255
YMR124W,180,216
YMR125W,1176,844
YMR126C,481,32
YMR127C,436,54
YMR128W,832,834
YMR129W,660,550
YMR130W,558,159
YMR132C,274,55
YMR133W,4,0
YMR134W,162,130
YMR135C,454,81
YMR136W,148,89
YMR137C,239,39
YMR138W,185,42
YMR139W,227,107
YMR140W,137,132
YMR144W,181,125
YMR145C,516,515
YMR146C,1021,1688
YMR147W,43,75
YMR148W,61,43
YMR149W,687,584
YMR150C,464,61
YMR152W,251,227
YMR153W,772,313
YMR154C,100,26
YMR155W,407,62
YMR156C,76,34
YMR157C,340,88
YMR158W,285,173
YMR159C,57,30
YMR160W,124,78
YMR161W,467,255
YMR162C,382,132
YMR163C,175,38
YMR165C,184,129
YMR166C,79,43
YMR167W,220,90
YMR168C,227,35
YMR171C,382,100
YMR172W,266,75
YMR174C,10,10
YMR175W,8,1
YMR176W,336,48
YMR177W,558,148
YMR178W,701,291
YMR179W,175,120
YMR180C,288,35
YMR181C,32,20
YMR182C,19,3
YMR182W-A,10,0
YMR183C,440,948
YMR184W,282,129
YMR185W,737,90
YMR187C,302,29
YMR188C,953,229
YMR189W,1259,700
YMR190C,180,80
YMR191W,267,89
YMR192W,211,220
YMR193W,645,230
YMR194C-B,81,10
YMR195W,909,207
YMR196W,278,49
YMR197C,272,232
YMR198W,366,103
YMR199W,332,241
YMR200W,1139,319
YMR201C,162,72
YMR202W,2062,992
YMR203W,402,1026
YMR204C,149,60
YMR205C,1924,6718
YMR206W,1,1
YMR207C,253,46
YMR208W,480,259
YMR209C,593,100
YMR210W,369,105
YMR211W,755,76
YMR212C,1149,345
YMR213W,168,79
YMR214W,476,520
YMR215W,525,786
YMR216C,463,310
YMR217W,2414,3398
YMR218C,693,108
YMR219W,283,315
YMR220W,890,193
YMR221C,400,205
YMR222C,99,153
YMR223W,362,153
YMR224C,133,51
YMR225C,120,124
YMR226C,967,917
YMR227C,300,175
YMR228W,458,85
YMR229C,2111,4856
YMR230W-A,101,0
YMR231W,376,246
YMR232W,52,0
YMR233W,371,90
YMR234W,214,71
YMR235C,1754,1085
YMR236W,579,233
YMR237W,454,442
YMR238W,495,270
YMR239C,1003,149
YMR240C,676,80
YMR241W,2154,902
YMR242W-A,2,0
YMR243C,2698,680
YMR244C-A,93,55
YMR244W,28,3
YMR246W,1506,1914
YMR247C,532,410
YMR250W,311,57
YMR251W,13,9
YMR251W-A,1330,937
YMR252C,104,24
YMR253C,207,78
YMR255W,370,169
YMR256C,165,291
YMR257C,143,26
YMR258C,654,97
YMR259C,529,285
YMR260C,2389,2706
YMR261C,323,542
YMR262W,322,28
YMR263W,544,135
YMR264W,910,175
YMR265C,431,35
YMR266W,1075,626
YMR267W,475,148
YMR268C,239,87
YMR269W,195,160
YMR270C,799,59
YMR271C,154,2
YMR272C,252,421
YMR274C,157,60
YMR275C,208,179
YMR276W,599,1534
YMR277W,400,205
YMR278W,352,232
YMR279C,16,0
YMR280C,29,10
YMR281W,147,85
YMR282C,593,88
YMR283C,243,61
YMR284W,332,76
YMR285C,440,187
YMR286W,227,155
YMR287C,295,68
YMR288W,375,178
YMR289W,475,123
YMR290C,1052,1678
YMR291W,196,224
YMR292W,328,147
YMR293C,301,27
YMR294W,399,61
YMR295C,862,654
YMR296C,403,447
YMR297W,1532,1123
YMR298W,255,393
YMR299C,457,36
YMR300C,1414,800
YMR301C,283,179
YMR302C,433,132
YMR304W,227,350
YMR305C,884,1611
YMR306W,86,1
YMR307W,3472,8227
YMR308C,1771,1190
YMR309C,1624,1669
YMR310C,182,112
YMR311C,531,423
YMR312W,144,124
YMR313C,254,115
YMR314W,1252,680
YMR315W,302,519
YMR316W,664,70
YMR318C,1801,1368
YMR319C,2748,240
YNL001W,1100,355
YNL002C,2446,1187
YNL003C,441,68
YNL004W,1131,317
YNL005C,723,220
YNL006W,612,94
YNL007C,851,2420
YNL008C,518,122
YNL009W,98,15
YNL010W,2660,1927
YNL011C,609,66
YNL012W,66,14
YNL015W,100,198
YNL016W,657,2653
YNL020C,162,78
YNL021W,343,184
YNL022C,940,184
YNL023C,486,138
YNL024C,332,9
YNL024C-A,428,224
YNL025C,116,29
YNL026W,902,136
YNL027W,318,247
YNL029C,467,33
YNL032W,721,113
YNL035C,508,183
YNL036W,866,431
YNL037C,489,810
YNL038W,785,89
YNL039W,430,209
YNL040W,593,154
YNL041C,529,226
YNL042W,127,46
YNL044W,482,417
YNL045W,374,486
YNL046W,377,30
YNL047C,243,72
YNL048W,824,151
YNL049C,423,297
YNL050C,408,185
YNL051W,642,116
YNL052W,320,456
YNL053W,251,82
YNL054W,175,225
YNL055C,901,3251
YNL056W,499,113
YNL059C,517,241
YNL061W,652,1108
YNL062C,994,387
YNL063W,210,26
YNL064C,1923,5663
YNL065W,885,81
YNL066W,723,1384
YNL067W-B,6,0
YNL068C,291,202
YNL069C,7368,12376
YNL070W,260,467
YNL071W,944,2198
YNL072W,74,109
YNL073W,401,70
YNL074C,130,249
YNL075W,1132,419
YNL076W,390,113
YNL077W,95,58
YNL078W,323,156
YNL079C,2646,2108
YNL080C,176,75
YNL081C,230,188
YNL082W,344,161
YNL083W,311,42
YNL084C,1106,572
YNL085W,925,868
YNL086W,59,37
YNL087W,1450,702
YNL088W,872,784
YNL090W,618,178
YNL091W,503,368
YNL092W,36,12
YNL093W,6,3
YNL094W,290,34
YNL095C,211,92
YNL097C,477,84
YNL097C-B,20,0
YNL099C,414,163
YNL100W,605,129
YNL101W,520,110
YNL102W,335,550
YNL103W,461,171
YNL104C,1043,1771
YNL106C,186,82
YNL107W,379,113
YNL108C,299,303
YNL110C,1255,883
YNL111C,431,459
YNL112W,2914,2419
YNL113W,493,536
YNL115C,300,151
YNL116W,229,172
YNL117W,14,2
YNL118C,1197,666
YNL119W,996,140
YNL121C,801,1365
YNL122C,154,148
YNL123W,971,799
YNL124W,323,166
YNL125C,308,68
YNL126W,371,103
YNL127W,245,118
YNL128W,56,7
YNL129W,448,148
YNL130C,838,337
YNL130C-A,1,0
YNL131W,611,1304
YNL132W,569,1101
YNL133C,73,56
YNL134C,366,244
YNL135C,1408,1773
YNL136W,412,71
YNL137C,356,296
YNL138W,393,2113
YNL138W-A,100,36
YNL139C,430,381
YNL141W,1246,495
YNL142W,139,14
YNL144C,69,12
YNL145W,579,858
YNL146C-A,68,2
YNL146W,21,8
YNL147W,329,392
YNL148C,201,51
YNL149C,1216,456
YNL151C,543,326
YNL152W,165,90
YNL153C,849,353
YNL154C,997,788
YNL155W,827,291
YNL156C,882,154
YNL158W,272,98
YNL159C,278,85
YNL160W,187,115
YNL161W,465,290
YNL162W-A,145,36
YNL163C,1003,368
YNL164C,831,84
YNL165W,142,38
YNL166C,748,450
YNL167C,158,168
YNL168C,320,252
YNL169C,361,164
YNL172W,286,77
YNL173C,310,223
YNL175C,1355,1094
YNL176C,210,94
YNL177C,854,260
YNL178W,29491,22686
YNL180C,252,219
YNL181W,579,231
YNL182C,1542,313
YNL183C,272,147
YNL185C,152,148
YNL186W,1034,449
YNL187W,104,5
YNL188W,524,56
YNL189W,1291,1605
YNL191W,232,97
YNL192W,1294,433
YNL193W,171,105
YNL194C,3,0
YNL195C,27,10
YNL196C,18,0
YNL197C,238,306
YNL199C,831,187
YNL200C,185,41
YNL201C,451,221
YNL202W,27,3
YNL204C,35,0
YNL206C,919,176
YNL207W,1217,324
YNL208W,877,1106
YNL210W,6,0
YNL211C,122,32
YNL212W,557,396
YNL213C,149,37
YNL214W,152,38
YNL215W,350,197
YNL216W,925,679
YNL217W,1043,162
YNL218W,266,93
YNL219C,538,329
YNL220W,5253,2105
YNL221C,618,231
YNL222W,430,166
YNL223W,197,32
YNL224C,606,197
YNL225C,619,110
YNL227C,284,128
YNL229C,727,333
YNL230C,103,24
YNL231C,1222,794
YNL232W,1029,283
YNL233W,309,199
YNL234W,71,37
YNL236W,317,185
YNL237W,26,9
YNL238W,511,279
YNL239W,320,533
YNL240C,306,81
YNL241C,252,787
YNL242W,83,97
YNL243W,824,896
YNL244C,1689,1535
YNL245C,84,62
YNL246W,467,187
YNL247W,1436,1716
YNL248C,1448,1226
YNL249C,438,23
YNL250W,152,74
YNL251C,379,502
YNL252C,250,189
YNL253W,429,85
YNL254C,238,64
YNL255C,2186,1858
YNL256W,1163,235
YNL257C,453,114
YNL258C,944,210
YNL259C,349,172
YNL260C,330,116
YNL261W,613,91
YNL262W,310,347
YNL263C,445,380
YNL264C,211,213
YNL265C,348,152
YNL267W,545,206
YNL268W,957,697
YNL269W,2,0
YNL271C,304,328
YNL272C,395,179
YNL273W,184,110
YNL274C,132,61
YNL275W,392,38
YNL277W,169,63
YNL278W,92,130
YNL279W,72,10
YNL280C,680,406
YNL281W,1419,723
YNL282W,361,60
YNL283C,289,126
YNL284C,701,211
YNL286W,332,91
YNL287W,1188,1804
YNL288W,348,182
YNL289W,445,313
YNL290W,606,223
YNL291C,495,88
YNL292W,329,279
YNL293W,536,85
YNL294C,831,42
YNL295W,260,82
YNL297C,554,274
YNL298W,217,151
YNL299W,520,140
YNL300W,93,400
YNL304W,218,62
YNL305C,411,97
YNL306W,798,266
YNL307C,589,590
YNL308C,932,1026
YNL309W,111,92
YNL310C,102,152
YNL311C,476,72
YNL312W,502,314
YNL313C,783,397
YNL314W,136,32
YNL315C,521,167
YNL316C,236,69
YNL317W,180,105
YNL320W,205,86
YNL321W,118,140
YNL322C,375,421
YNL323W,459,333
YNL325C,400,73
YNL326C,319,55
YNL327W,2392,2113
YNL328C,35,22
YNL329C,429,62
YNL330C,933,198
YNR001C,1011,553
YNR002C,6,3
YNR003C,776,277
YNR004W,86,34
YNR006W,205,238
YNR007C,177,81
YNR008W,298,264
YNR009W,134,119
YNR010W,82,99
YNR011C,278,158
YNR012W,580,177
YNR013C,388,446
YNR014W,17,15
YNR015W,376,125
YNR016C,1861,7423
YNR017W,385,371
YNR018W,343,453
YNR019W,144,296
YNR020C,279,67
YNR021W,1090,994
YNR022C,248,174
YNR023W,370,134
YNR024W,411,122
YNR026C,280,254
YNR027W,291,48
YNR028W,409,217
YNR029C,586,179
YNR030W,325,276
YNR031C,504,166
YNR032C-A,196,128
YNR032W,508,60
YNR033W,496,185
YNR034W,107,114
YNR034W-A,24,11
YNR035C,1265,568
YNR036C,601,232
YNR037C,185,104
YNR038W,396,420
YNR039C,254,91
YNR040W,243,53
YNR041C,511,140
YNR043W,480,1039
YNR044W,139,307
YNR045W,130,24
YNR046W,236,300
YNR047W,95,179
YNR048W,261,50
YNR049C,300,76
YNR050C,1057,887
YNR051C,632,379
YNR052C,563,286
YNR053C,3387,808
YNR054C,273,293
YNR055C,824,194
YNR056C,18,0
YNR057C,81,9
YNR058W,182,3
YNR059W,455,17
YNR060W,96,27
YNR061C,900,320
YNR062C,22,2
YNR063W,29,51
YNR064C,9,2
YNR066C,86,16
YNR067C,912,963
YNR068C,60,0
YNR069C,86,1
YNR070W,51,4
YNR071C,15,1
YNR074C,537,92
YNR075W,56,36
YOL001W,168,17
YOL002C,1853,182
YOL003C,297,74
YOL004W,436,1019
YOL005C,168,401
YOL006C,849,486
YOL007C,224,314
YOL008W,90,102
YOL009C,143,40
YOL010W,1090,216
YOL011W,376,95
YOL012C,203,391
YOL013C,348,89
YOL014W,301,11
YOL015W,82,2
YOL016C,1274,197
YOL017W,210,81
YOL018C,563,139
YOL019W,215,201
YOL020W,692,224
YOL021C,565,574
YOL022C,1157,322
YOL023W,132,48
YOL024W,8,0
YOL025W,115,52
YOL026C,178,130
YOL027C,446,602
YOL028C,199,92
YOL030W,529,935
YOL031C,422,193
YOL032W,316,103
YOL033W,503,61
YOL034W,259,75
YOL036W,398,191
YOL038C-A,11,9
YOL038W,1567,628
YOL039W,3900,10902
YOL040C,2401,13890
YOL041C,1629,1141
YOL042W,419,103
YOL043C,190,17
YOL044W,379,64
YOL045W,372,175
YOL047C,11,3
YOL048C,259,29
YOL049W,1074,401
YOL052C,310,260
YOL052C-A,18,42
YOL053W,428,42
YOL054W,305,65
YOL055C,230,49
YOL056W,614,158
YOL057W,686,381
YOL058W,154,139
YOL059W,451,719
YOL060C,160,129
YOL061W,1403,700
YOL062C,984,93
YOL063C,365,42
YOL064C,1351,513
YOL065C,255,99
YOL066C,437,131
YOL067C,90,67
YOL069W,250,54
YOL070C,625,386
YOL071W,67,93
YOL072W,291,57
YOL073C,318,59
YOL075C,196,35
YOL076W,936,394
YOL077C,1643,966
YOL077W-A,117,214
YOL078W,427,134
YOL080C,590,192
YOL081W,424,128
YOL082W,697,96
YOL083W,96,14
YOL084W,18,1
YOL086C,30464,54427
YOL086W-A,176,69
YOL087C,368,93
YOL088C,617,248
YOL089C,291,103
YOL090W,656,528
YOL091W,68,2
YOL092W,1071,383
YOL093W,446,231
YOL094C,302,190
YOL095C,195,31
YOL096C,203,89
YOL097C,2423,1433
YOL097W-A,37,1
YOL098C,951,679
YOL100W,220,96
YOL101C,460,65
YOL102C,447,184
YOL103W,1107,166
YOL104C,273,1
YOL105C,292,21
YOL107W,138,92
YOL108C,199,89
YOL109W,6211,8958
YOL110W,97,17
YOL111C,142,377
YOL112W,559,35
YOL113W,407,18
YOL114C,65,18
YOL115W,628,224
YOL116W,331,77
YOL117W,316,52
YOL119C,797,203
YOL122C,791,199
YOL123W,1222,1632
YOL124C,995,226
YOL125W,449,109
YOL126C,199,234
YOL127W,11978,14186
YOL128C,1213,42
YOL129W,989,312
YOL130W,1159,283
YOL131W,3,0
YOL132W,20,0
YOL133W,318,165
YOL135C,97,66
YOL136C,327,108
YOL137W,228,132
YOL138C,231,83
YOL139C,3984,2529
YOL140W,524,50
YOL141W,163,127
YOL142W,425,182
YOL143C,1171,923
YOL144W,343,223
YOL145C,1088,460
YOL146W,376,118
YOL147C,133,132
YOL148C,440,131
YOL149W,567,266
YOL151W,512,248
YOL152W,328,96
YOL154W,128,3
YOL158C,1501,200
YOL159C,167,52
YOL159C-A,138,53
YOL163W,16,1
YOL164W,376,12
YOR001W,567,348
YOR002W,1065,210
YOR003W,133,12
YOR004W,1448,447
YOR005C,272,33
YOR006C,895,241
YOR007C,2292,2583
YOR008C,620,265
YOR010C,100,33
YOR011W,193,55
YOR012W,93,36
YOR014W,386,577
YOR016C,555,167
YOR017W,214,77
YOR018W,284,126
YOR019W,232,17
YOR020C,909,1564
YOR020W-A,144,69
YOR021C,1816,736
YOR022C,193,72
YOR023C,165,106
YOR025W,366,100
YOR026W,324,38
YOR027W,800,6294
YOR028C,206,61
YOR030W,177,50
YOR031W,34,0
YOR032C,10,2
YOR032W-A,3,0
YOR033C,599,56
YOR034C,295,87
YOR035C,218,129
YOR036W,469,72
YOR037W,385,52
YOR038C,390,247
YOR039W,794,266
YOR040W,167,41
YOR042W,382,479
YOR043W,833,249
YOR044W,421,58
YOR045W,417,370
YOR046C,1863,1354
YOR047C,474,186
YOR048C,797,475
YOR049C,41,6
YOR051C,1694,715
YOR052C,408,330
YOR054C,248,97
YOR056C,1188,407
YOR057W,437,205
YOR058C,314,166
YOR060C,193,24
YOR061W,837,430
YOR062C,112,9
YOR063W,29709,34424
YOR064C,281,22
YOR065W,97,163
YOR066W,154,156
YOR067C,749,241
YOR068C,1,0
YOR069W,841,328
YOR070C,270,88
YOR071C,236,63
YOR073W,265,55
YOR074C,73,253
YOR075W,506,136
YOR076C,429,128
YOR077W,184,58
YOR079C,565,104
YOR080W,399,45
YOR081C,147,83
YOR083W,50,58
YOR084W,87,1
YOR085W,217,368
YOR086C,598,635
YOR087W,467,161
YOR089C,1043,311
YOR090C,307,184
YOR091W,482,702
YOR092W,234,99
YOR093C,460,119
YOR094W,376,156
YOR095C,1884,584
YOR096W,18842,15416
YOR097C,230,46
YOR098C,408,647
YOR099W,1712,748
YOR100C,47,2
YOR101W,809,324
YOR103C,663,278
YOR104W,334,80
YOR106W,283,93
YOR107W,49,1
YOR108W,925,702
YOR109W,389,647
YOR110W,442,115
YOR111W,218,84
YOR112W,460,193
YOR113W,128,164
YOR114W,36,29
YOR115C,849,131
YOR116C,822,651
YOR117W,1337,1010
YOR118W,680,102
YOR119C,600,202
YOR120W,185,9
YOR122C,2491,2022
YOR123C,513,438
YOR124C,499,544
YOR125C,346,125
YOR126C,196,80
YOR127W,500,164
YOR128C,1900,885
YOR129C,222,40
YOR130C,421,65
YOR131C,523,126
YOR132W,231,231
YOR134W,9,0
YOR136W,741,1190
YOR137C,235,15
YOR138C,789,117
YOR140W,104,116
YOR141C,373,317
YOR142W,458,703
YOR143C,753,129
YOR144C,291,94
YOR145C,1360,767
YOR147W,475,85
YOR148C,371,55
YOR149C,231,51
YOR150W,195,130
YOR151C,1643,1051
YOR152C,68,21
YOR153W,6813,7064
YOR154W,828,74
YOR155C,487,116
YOR157C,397,904
YOR158W,360,187
YOR159C,324,165
YOR160W,310,210
YOR161C,296,75
YOR162C,161,47
YOR163W,340,298
YOR164C,1550,643
YOR165W,680,704
YOR166C,723,80
YOR167C,5638,4403
YOR168W,3865,3605
YOR171C,657,324
YOR172W,245,33
YOR173W,33,8
YOR174W,706,63
YOR175C,2030,477
YOR176W,696,449
YOR177C,31,7
YOR178C,6,1
YOR179C,248,71
YOR180C,156,3
YOR181W,61,217
YOR183W,17,1
YOR185C,77,98
YOR186W,8,0
YOR187W,1231,938
YOR188W,226,268
YOR189W,295,170
YOR190W,58,5
YOR191W,327,200
YOR193W,166,32
YOR194C,695,273
YOR195W,461,433
YOR196C,788,225
YOR197W,424,796
YOR198C,728,4178
YOR201C,887,111
YOR202W,329,413
YOR204W,684,4653
YOR205C,238,39
YOR206W,1823,1163
YOR207C,845,551
YOR208W,149,28
YOR209C,1433,695
YOR210W,680,613
YOR211C,378,251
YOR212W,1172,456
YOR213C,445,66
YOR214C,15,0
YOR215C,403,174
YOR216C,544,263
YOR217W,776,505
YOR219C,321,130
YOR220W,535,214
YOR221C,220,213
YOR222W,996,44
YOR223W,169,64
YOR224C,1068,585
YOR226C,314,376
YOR227W,238,104
YOR228C,126,29
YOR229W,308,92
YOR230W,906,1755
YOR231W,324,84
YOR232W,1502,1404
YOR233W,898,135
YOR234C,8241,5474
YOR236W,214,173
YOR237W,164,8
YOR238W,339,92
YOR239W,819,1402
YOR241W,1335,384
YOR242C,33,3
YOR243C,1333,733
YOR244W,841,104
YOR245C,452,127
YOR246C,1664,130
YOR247W,679,1472
YOR249C,554,45
YOR250C,173,98
YOR251C,606,343
YOR252W,250,286
YOR253W,926,305
YOR254C,2711,1051
YOR255W,9,0
YOR256C,514,163
YOR257W,265,167
YOR258W,261,29
YOR259C,2107,969
YOR260W,693,460
YOR261C,2184,937
YOR262W,631,105
YOR264W,462,340
YOR265W,209,293
YOR266W,366,51
YOR269W,163,31
YOR270C,4487,2032
YOR271C,490,569
YOR272W,1380,557
YOR273C,452,76
YOR274W,545,89
YOR275C,279,84
YOR276W,2124,2014
YOR278W,304,68
YOR279C,448,81
YOR280C,304,175
YOR281C,718,339
YOR283W,815,301
YOR284W,126,41
YOR285W,749,538
YOR286W,312,329
YOR287C,506,203
YOR288C,225,145
YOR289W,84,16
YOR290C,237,387
YOR291W,431,157
YOR292C,422,49
YOR293C-A,9,1
YOR293W,9115,7162
YOR294W,818,582
YOR295W,371,51
YOR296W,282,68
YOR297C,218,131
YOR298C-A,2758,3078
YOR298W,165,3
YOR299W,490,126
YOR301W,159,126
YOR302W,48,55
YOR303W,866,129
YOR304C-A,98,31
YOR304W,593,273
YOR305W,629,67
YOR306C,1218,57
YOR307C,499,121
YOR308C,189,211
YOR310C,2710,3442
YOR311C,491,197
YOR313C,243,11
YOR315W,924,341
YOR316C,391,121
YOR316C-A,7,2
YOR317W,1741,1106
YOR319W,352,45
YOR320C,854,182
YOR321W,301,225
YOR322C,399,135
YOR323C,1019,1785
YOR324C,183,57
YOR326W,1395,1277
YOR327C,311,429
YOR328W,337,5
YOR329C,291,195
YOR330C,461,142
YOR332W,1459,4133
YOR334W,302,45
YOR335C,2078,5578
YOR336W,276,240
YOR337W,315,90
YOR338W,148,5
YOR339C,42,0
YOR340C,583,724
YOR341W,1805,2428
YOR342C,509,154
YOR344C,371,345
YOR346W,684,154
YOR347C,82,47
YOR348C,14,1
YOR349W,119,52
YOR350C,256,51
YOR351C,4,0
YOR352W,142,79
YOR353C,579,140
YOR354C,718,175
YOR355W,532,486
YOR356W,485,271
YOR357C,504,178
YOR358W,142,45
YOR359W,378,162
YOR360C,1984,198
YOR361C,3423,2996
YOR362C,1432,613
YOR363C,245,44
YOR365C,34,2
YOR367W,235,220
YOR368W,302,83
YOR369C,32382,12654
YOR370C,1240,356
YOR371C,142,86
YOR374W,221,540
YOR375C,2622,1961
YOR376W-A,21,0
YOR377W,511,176
YOR378W,37,15
YOR380W,123,14
YOR381W,315,5
YOR381W-A,4,0
YOR382W,107,330
YOR383C,166,355
YOR384W,41,4
YOR385W,438,80
YOR386W,130,56
YOR387C,7,0
YOR394C-A,1,0
YPL001W,805,150
YPL002C,388,52
YPL003W,487,40
YPL004C,787,1201
YPL005W,310,28
YPL006W,277,220
YPL007C,630,80
YPL008W,467,43
YPL010W,1759,815
YPL011C,482,68
YPL012W,1792,1082
YPL013C,406,199
YPL014W,70,75
YPL015C,157,83
YPL017C,11,3
YPL018W,317,61
YPL019C,7454,3596
YPL020C,236,130
YPL022W,660,59
YPL023C,609,250
YPL024W,269,21
YPL026C,272,89
YPL027W,3,0
YPL028W,3071,2134
YPL029W,523,70
YPL030W,372,231
YPL031C,362,198
YPL032C,268,504
YPL033C,9,0
YPL034W,276,5
YPL037C,4549,5293
YPL038W,330,93
YPL039W,269,27
YPL040C,182,70
YPL041C,85,40
YPL042C,659,81
YPL043W,1103,1002
YPL045W,455,90
YPL046C,184,54
YPL047W,259,42
YPL048W,673,2388
YPL049C,454,354
YPL050C,1926,340
YPL051W,287,67
YPL052W,704,70
YPL053C,1298,428
YPL054W,2,9
YPL055C,134,164
YPL056C,8,0
YPL057C,160,150
YPL058C,357,241
YPL059W,444,402
YPL060W,221,35
YPL061W,2678,10534
YPL063W,519,932
YPL064C,689,84
YPL065W,108,75
YPL066W,232,31
YPL067C,90,50
YPL068C,93,69
YPL069C,351,61
YPL070W,230,116
YPL071C,172,52
YPL072W,199,29
YPL074W,985,126
YPL075W,346,73
YPL076W,95,41
YPL077C,176,57
YPL078C,1148,643
YPL082C,720,319
YPL084W,309,360
YPL085W,249,1293
YPL086C,1291,517
YPL087W,705,100
YPL088W,550,16
YPL089C,215,122
YPL091W,1300,918
YPL092W,948,189
YPL093W,1713,898
YPL094C,1214,424
YPL095C,516,46
YPL096C-A,37,26
YPL096W,497,86
YPL097W,523,62
YPL098C,130,229
YPL099C,370,88
YPL100W,544,117
YPL101W,624,221
YPL103C,261,58
YPL104W,209,74
YPL105C,879,360
YPL106C,3094,12487
YPL107W,191,69
YPL108W,235,58
YPL109C,77,31
YPL110C,402,200
YPL111W,362,527
YPL112C,577,227
YPL113C,102,29
YPL115C,260,284
YPL116W,241,152
YPL117C,2045,901
YPL118W,590,289
YPL119C,26,45
YPL119C-A,8,0
YPL120W,197,101
YPL122C,348,100
YPL123C,257,74
YPL124W,256,79
YPL125W,796,282
YPL126W,1306,706
YPL127C,240,718
YPL128C,101,132
YPL129W,744,573
YPL130W,41,2
YPL131W,7604,21695
YPL132W,527,64
YPL133C,480,58
YPL134C,184,32
YPL135W,1036,406
YPL137C,373,277
YPL138C,383,80
YPL139C,290,186
YPL140C,337,66
YPL141C,154,96
YPL143W,10121,9216
YPL144W,289,93
YPL145C,1448,904
YPL146C,1190,908
YPL147W,296,10
YPL148C,167,10
YPL149W,682,26
YPL150W,696,61
YPL151C,436,62
YPL152W,185,122
YPL152W-A,1,6
YPL153C,229,85
YPL154C,738,1437
YPL155C,271,118
YPL156C,124,64
YPL157W,597,103
YPL158C,390,304
YPL159C,163,118
YPL160W,2745,5414
YPL161C,722,96
YPL162C,162,54
YPL163C,283,599
YPL164C,162,14
YPL165C,18,2
YPL166W,77,46
YPL167C,309,10
YPL168W,375,61
YPL169C,448,461
YPL170W,300,123
YPL171C,28,2
YPL172C,305,72
YPL173W,309,176
YPL174C,286,15
YPL175W,297,42
YPL176C,562,209
YPL177C,579,356
YPL178W,947,354
YPL179W,392,252
YPL180W,198,184
YPL181W,807,242
YPL183C,1480,412
YPL183W-A,132,149
YPL184C,405,504
YPL186C,63,4
YPL187W,3,0
YPL188W,417,236
YPL189C-A,225,96
YPL189W,58,4
YPL191C,206,63
YPL192C,10,2
YPL193W,321,128
YPL194W,87,47
YPL195W,983,464
YPL196W,486,93
YPL199C,597,548
YPL201C,47,0
YPL202C,819,195
YPL203W,166,127
YPL204W,596,375
YPL206C,604,358
YPL207W,1395,345
YPL208W,683,147
YPL209C,170,65
YPL210C,2175,688
YPL211W,1776,842
YPL212C,1099,520
YPL213W,435,71
YPL214C,379,48
YPL215W,433,180
YPL216W,455,37
YPL217C,1341,723
YPL218W,1347,1124
YPL219W,121,75
YPL221W,577,208
YPL222W,87,43
YPL223C,11,2
YPL224C,398,69
YPL225W,1967,1272
YPL226W,1862,3327
YPL227C,1160,250
YPL228W,371,316
YPL229W,89,41
YPL230W,29,7
YPL231W,2318,9328
YPL232W,775,357
YPL233W,335,104
YPL234C,1459,782
YPL235W,1406,644
YPL236C,237,36
YPL237W,2280,2173
YPL239W,773,370
YPL241C,182,81
YPL242C,627,225
YPL243W,2449,582
YPL244C,1109,89
YPL245W,1392,143
YPL246C,420,218
YPL247C,86,56
YPL248C,12,5
YPL249C,165,273
YPL250C,166,117
YPL252C,240,152
YPL253C,292,91
YPL254W,1044,146
YPL255W,280,47
YPL256C,332,380
YPL257W,111,24
YPL258C,121,2
YPL259C,319,159
YPL260W,532,650
YPL262W,517,782
YPL263C,1816,581
YPL264C,106,15
YPL265W,3767,883
YPL266W,948,430
YPL267W,225,182
YPL268W,921,46
YPL269W,145,32
YPL270W,437,131
YPL271W,111,272
YPL272C,97,10
YPL274W,214,355
YPR001W,86,3
YPR002W,105,15
YPR003C,294,64
YPR004C,594,432
YPR005C,20,7
YPR006C,148,50
YPR007C,40,1
YPR008W,377,193
YPR009W,239,55
YPR010C,1979,1928
YPR010C-A,117,132
YPR011C,279,47
YPR013C,76,12
YPR015C,16,3
YPR016C,787,753
YPR017C,240,89
YPR018W,298,189
YPR019W,462,280
YPR020W,208,269
YPR021C,288,87
YPR022C,458,165
YPR023C,452,230
YPR024W,954,516
YPR025C,669,135
YPR026W,129,30
YPR027C,10,0
YPR028W,1005,1179
YPR029C,638,364
YPR030W,33,5
YPR031W,376,43
YPR032W,171,268
YPR033C,2361,1871
YPR034W,506,241
YPR035W,8747,4420
YPR036W,2841,1966
YPR036W-A,2894,2027
YPR037C,240,88
YPR040W,121,115
YPR041W,4230,2373
YPR043W,5481,8280
YPR045C,567,210
YPR046W,399,61
YPR047W,239,56
YPR048W,890,186
YPR049C,358,94
YPR051W,540,196
YPR052C,594,1214
YPR054W,8,0
YPR055W,370,190
YPR056W,833,125
YPR057W,522,67
YPR058W,482,163
YPR060C,1456,372
YPR061C,82,13
YPR062W,1152,714
YPR063C,229,393
YPR065W,142,278
YPR066W,91,18
YPR067W,85,58
YPR068C,283,28
YPR069C,1615,2021
YPR070W,470,111
YPR071W,169,23
YPR072W,696,831
YPR073C,720,456
YPR074C,2347,4479
YPR075C,279,153
YPR078C,38,7
YPR079W,425,79
YPR081C,246,47
YPR082C,212,74
YPR083W,480,31
YPR084W,157,47
YPR085C,214,29
YPR086W,608,394
YPR088C,1540,1234
YPR089W,477,226
YPR091C,358,195
YPR093C,180,24
YPR094W,314,83
YPR095C,335,112
YPR096C,6,0
YPR097W,920,333
YPR098C,238,114
YPR100W,417,240
YPR101W,630,116
YPR103W,1539,673
YPR104C,583,216
YPR105C,766,176
YPR106W,194,100
YPR107C,423,110
YPR108W,1968,939
YPR109W,472,40
YPR110C,2991,1048
YPR111W,230,59
YPR112C,2028,970
YPR113W,1453,478
YPR114W,306,232
YPR115W,309,75
YPR116W,22,48
YPR117W,215,10
YPR118W,1789,568
YPR119W,484,267
YPR120C,388,287
YPR121W,309,3
YPR122W,601,124
YPR124W,1688,815
YPR125W,375,273
YPR127W,176,54
YPR128C,716,166
YPR129W,273,674
YPR131C,753,155
YPR133C,1195,562
YPR133W-A,132,454
YPR134W,378,45
YPR135W,374,266
YPR137W,1062,417
YPR138C,341,61
YPR139C,551,163
YPR140W,198,63
YPR141C,324,158
YPR143W,747,349
YPR144C,515,308
YPR145C-A,18,15
YPR145W,3304,2790
YPR147C,568,165
YPR148C,1476,412
YPR149W,750,1659
YPR151C,5,0
YPR152C,378,98
YPR153W,19,15
YPR155C,449,87
YPR157W,61,3
YPR158W,172,124
YPR159W,1075,978
YPR160W,55,20
YPR161C,519,211
YPR162C,299,128
YPR163C,3726,5044
YPR164W,333,105
YPR165W,2279,1204
YPR166C,246,237
YPR167C,280,46
YPR168W,152,82
YPR169W,1275,369
YPR170W-B,698,479
YPR171W,195,207
YPR172W,76,200
YPR173C,1067,289
YPR174C,183,93
YPR175W,378,126
YPR176C,812,113
YPR178W,336,83
YPR179C,449,74
YPR180W,630,186
YPR181C,573,1366
YPR182W,108,92
YPR183W,290,1093
YPR184W,108,28
YPR185W,184,88
YPR186C,307,77
YPR187W,1014,724
YPR188C,467,249
YPR189W,708,501
YPR190C,525,232
YPR191W,173,360
YPR192W,13,0
YPR193C,18,2
YPR194C,131,4
YPR198W,511,119
YPR199C,344,71
YPR200C,34,4
YPR201W,69,8
