ORF,Ribo_Prints,RNA_Prints
YBR177C,648,883
YIL140W,479,654
YLR268W,441,606
YOR011W,270,286
YJL155C,133,165
YLL062C,122,161
YHR067W,136,153
YPR023C,533,663
YAL008W,161,251
YNR028W,315,388
YMR111C,82,113
YBR255W,182,212
YFR027W,47,73
YBR128C,51,56
YOL115W,309,423
YDL214C,48,50
YOR030W,223,254
YNL300W,629,918
YAL056W,454,483
YGR148C,4536,6651
YJR122W,244,265
YKR069W,226,233
YDR459C,214,217
YIL034C,607,813
YLR144C,409,495
YNL003C,293,336
YBR111W-A,45,86
YJR084W,241,279
YBR135W,173,266
YBR004C,254,316
YBR160W,314,470
YLR313C,137,140
YDL238C,87,105
YJL082W,220,306
YHR007C,4182,5467
YIR004W,375,564
YPR133W-A,235,485
YPL191C,76,88
YKL190W,376,594
YGL084C,608,784
YDR312W,254,322
YLR348C,951,1136
YBR248C,769,1024
YNR067C,1656,2276
YNL152W,232,283
YLR382C,344,400
YKL063C,176,257
YFL045C,4261,5933
YOR230W,2231,3057
YFL010C,701,1158
YDR141C,509,717
YJL131C,99,138
YDL170W,155,186
YBR117C,104,110
YGL135W,1005,1348
YJR044C,253,368
YJR011C,103,133
YPL039W,120,135
YPL249C-A,4989,7876
YKL048C,165,195
YDR083W,408,577
YMR009W,120,182
YOR123C,474,718
YJL179W,163,256
YJL122W,321,476
YKL183W,325,406
YLR189C,509,570
YDR363W,137,166
YFL021W,268,301
YPL041C,63,72
YLR362W,211,259
YPL092W,429,510
YOR377W,345,410
YMR283C,175,201
YOR074C,284,438
YPL024W,138,154
YKL134C,286,329
YOR009W,87,95
YDR090C,168,201
YIL108W,365,479
YPL166W,44,54
YKL052C,304,359
YLR278C,374,441
YBR273C,296,423
YFR005C,378,445
YER093C-A,38,57
YAL026C,693,909
YOL034W,222,259
YJR135W-A,209,332
YFL017W-A,103,188
YFR050C,992,1427
YBL008W,264,333
YLR079W,294,408
YLR447C,1975,2859
YGL237C,95,133
YGR126W,17,35
YIL062C,683,1042
YNL295W,179,211
YAR035W,141,145
YNR032C-A,99,164
YPL059W,383,559
YAR019C,177,200
YDR299W,460,630
YOL116W,209,235
YJL140W,591,760
YGL071W,517,607
YGL257C,643,699
YDR196C,219,276
YBR202W,570,721
YHR101C,119,160
YNL239W,1006,1267
YDR410C,399,462
YBR280C,115,143
YGR020C,834,1235
YNR045W,139,157
YPL143W,6644,9841
YML105C,439,657
YPL268W,294,314
YLL040C,587,1121
YLR314C,1102,1665
YIL091C,529,686
YCL032W,168,204
YML092C,879,1294
YLR357W,391,525
YPL104W,249,289
YLR244C,1664,2497
YAL046C,192,280
YDR198C,193,227
YAL039C,237,330
YNR018W,602,838
YNL168C,432,575
YDL185W,5616,11673
YFR047C,458,638
YBR215W,273,329
YGL092W,942,1336
YLR403W,502,623
YNL147W,224,367
YBR159W,1253,1608
YDR364C,282,321
YML127W,573,719
YCL030C,2084,3032
YHR078W,457,500
YGR084C,265,343
YDR286C,60,83
YFR018C,471,568
YCR002C,611,875
YHR141C,2935,3644
YER042W,252,445
YJR110W,197,218
YOR163W,387,543
YGL157W,473,689
YNL162W-A,37,54
YLR233C,214,219
YGR099W,409,456
YBL015W,238,326
YNL067W,2553,3456
YOL090W,740,978
YLR300W,2975,4439
YNL145W,440,863
YBL003C,3306,4046
YJR140C,347,428
YGR146C,187,243
YOR033C,343,362
YOR062C,70,86
YBR191W,8675,10733
YMR164C,143,176
YBR043C,519,538
YHR005C-A,601,1035
YDR380W,376,430
YGL100W,652,812
YBR094W,450,564
YHR112C,395,471
YNR007C,71,90
YDR035W,646,1027
YGL053W,93,112
YPL156C,242,268
YDR485C,210,266
YGR077C,298,321
YOR216C,299,388
YIL044C,360,521
YPL239W,405,626
YNL197C,474,642
YPR183W,1130,1853
YLR069C,389,553
YDL073W,589,644
YBL042C,832,1028
YEL017C-A,658,1569
YNL091W,836,982
YCR046C,338,469
YLR059C,355,435
YOL001W,127,137
YDR525W-A,62,135
YIL056W,255,296
YBR054W,307,418
YDR507C,659,984
YDR379C-A,27,34
YOL063C,396,422
YPL224C,279,323
YLR137W,183,201
YEL007W,803,974
YLR020C,462,560
YNL217W,607,764
YKL204W,418,651
YER067W,78,108
YDR040C,30,34
YMR226C,1205,1928
YOR058C,229,294
YKR007W,133,191
YDR531W,581,694
YIL013C,248,253
YMR233W,92,118
YPL206C,425,653
YOL136C,209,268
YDL060W,858,1107
YLR002C,617,803
YNL169C,588,702
YOR303W,890,975
YDR320C-A,142,199
YOR071C,353,406
YDR393W,207,231
YBR293W,287,294
YIR022W,391,530
YGL215W,617,680
YNR052C,583,728
YGR019W,424,569
YGL244W,588,896
YHR032W,671,836
YEL032W,655,894
YOL076W,562,744
YER145C,2395,3255
YER110C,2512,4787
YHR123W,490,629
YBL033C,239,364
YNL162W,1997,2612
YDR022C,92,113
YPL266W,640,870
YHR203C,4568,5459
YOR304W,429,545
YNL052W,191,384
YLR023C,279,350
YML112W,153,184
YGL062W,873,1258
YGR183C,115,183
YER169W,271,337
YNL321W,457,578
YOR226C,273,479
YGL241W,456,553
YEL025C,566,586
YLR108C,459,511
YLR229C,783,1161
YNL186W,788,962
YMR040W,25,30
YDR077W,3654,5508
YGL188C-A,6,12
YCL044C,248,318
YKR008W,462,629
YLR017W,822,1089
YMR146C,2152,3211
YPR165W,1634,2423
YPR024W,1530,1837
YDR226W,4021,6562
YMR266W,1059,1420
YDR057W,188,233
YKR064W,302,339
YLR097C,178,206
YCR060W,155,228
YJL036W,203,267
YER041W,217,222
YBR016W,209,435
YER009W,2162,3119
YDL155W,431,494
YMR015C,738,1079
YDL139C,42,65
YDR246W,149,187
YOL014W,108,116
YOR288C,247,306
YLR163C,483,640
YCR028C,416,494
YLR115W,376,454
YNL288W,387,509
YMR126C,168,178
YHR089C,1296,2107
YGL014W,719,983
YMR168C,283,315
YIL124W,735,971
YLL035W,337,375
YMR258C,470,525
YNL323W,330,544
YER007W,156,185
YGL114W,440,516
YER027C,460,729
YER167W,352,442
YDL013W,308,365
YBL106C,221,265
YMR104C,182,208
YGL044C,242,339
YGL169W,426,520
YER107C,521,683
YNR044W,572,858
YDL195W,1319,2624
YBR038W,536,837
YLR219W,336,438
YDR117C,441,626
YLR120C,380,574
YCR026C,458,537
YBL052C,481,504
YBR060C,364,432
YNL103W,459,554
YPL202C,261,318
YEL047C,855,1311
YPR036W,2971,4129
YIL026C,381,483
YNL317W,232,272
YCR087C-A,251,415
YGR235C,307,451
YDR068W,224,302
YDL055C,12561,17467
YPR176C,366,468
YBR009C,1449,1790
YEL043W,548,620
YJL003W,68,120
YML072C,1630,2731
YHR052W,667,982
YDR142C,108,119
YOR378W,75,86
YKR026C,500,687
YFL044C,269,350
YJR043C,220,263
YPL263C,952,1229
YJR012C,82,114
YJL130C,2697,6812
YJL078C,818,1219
YJR126C,552,672
YKL060C,78928,121640
YBL085W,455,581
YKL173W,378,478
YOR353C,418,483
YIR023W,249,304
YGR200C,1096,1403
YBR056W,392,554
YLR383W,274,326
YDL177C,67,78
YIL127C,145,243
YDR082W,191,199
YDR348C,462,603
YLR369W,235,291
YKL182W,5140,11108
YOR291W,647,729
YDR469W,167,223
YMR079W,798,1612
YDR333C,688,846
YKL018C-A,60,112
YKL051W,378,444
YMR013C,244,281
YLR223C,268,382
YIR012W,922,1361
YLR363C,193,255
YNR026C,340,495
YNR046W,404,592
YNL328C,29,45
YJL014W,1502,2241
YDR219C,184,251
YCR011C,1216,1538
YPL218W,1775,2528
YLR431C,80,97
YKR046C,604,680
YJR036C,81,89
YJR005W,454,545
YGR217W,277,357
YNL072W,166,228
YBL098W,238,307
YDL095W,2416,3734
YGR216C,325,372
YOR174W,186,219
YER030W,200,399
YFL002C,343,462
YDR155C,13023,18187
YPR149W,2228,3165
YGL181W,454,689
YJL176C,451,583
YOL086W-A,73,102
YJR072C,846,1075
YDR047W,761,926
YKR039W,172,211
YPL087W,401,477
YNL015W,151,256
YCR084C,1290,1656
YDR302W,274,352
YGL003C,234,272
YJL054W,532,643
YHR178W,282,315
YOR118W,433,490
YLR205C,107,147
YDR268W,260,311
YGL192W,453,458
YPL170W,204,276
YOL003C,330,378
YPR001W,69,74
YML094W,194,316
YKR006C,343,488
YDL117W,464,553
YMR131C,1747,2288
YDR204W,285,361
YBR085C-A,164,275
YDR251W,647,772
YJR054W,296,318
YPL269W,143,155
YMR293C,120,133
YER089C,653,945
YJL214W,49,53
YAL038W,49948,91981
YIL105C,386,472
YNL137C,396,531
YNL119W,315,369
YNR006W,301,396
YML126C,1763,3152
YAL047C,155,196
YIL150C,70,109
YJL208C,239,315
YDR285W,82,87
YNL064C,3254,6002
YGR158C,258,353
YKL077W,949,1393
YFR046C,86,104
YBR212W,422,623
YJR109C,487,895
YKL025C,383,497
YLR254C,66,87
YFR014C,254,346
YBR158W,1628,1842
YIL169C,487,496
YPL105C,932,1084
YLR392C,155,165
YOL097C,1695,2384
YOR110W,237,308
YMR285C,317,426
YJL096W,219,298
YDR407C,752,841
YLR354C,4705,6591
YGR110W,101,108
YMR244C-A,73,129
YNR020C,98,159
YKL029C,1569,2107
YBR258C,46,65
YLR457C,72,84
YLR301W,1326,1995
YNL146W,16,25
YAL007C,796,1106
YJL070C,179,209
YHR142W,534,659
YGR098C,380,421
YBR223C,135,154
YOR103C,398,555
YGL154C,163,184
YPL178W,589,793
YJL154C,878,1047
YDR091C,1353,1861
YJL123C,759,1052
YHR066W,347,433
YJL203W,100,145
YAL009W,165,201
YIL147C,557,643
YPL244C,457,497
YBR129C,231,272
YDL160C,689,1533
YBR176W,204,252
YLR183C,310,425
YPL173W,148,261
YDL215C,717,818
YGR167W,748,1309
YPR065W,222,314
YJL059W,219,245
YKL099C,263,373
YPL097W,162,200
YDR315C,97,107
YJL143W,597,941
YBR161W,205,243
YPR103W,1442,1963
YGL238W,1462,1856
YGL085W,88,104
YNL104C,1646,2357
YML081C-A,177,341
YNL128W,27,30
YIL118W,553,729
YDR450W,5279,6870
YNL151C,295,420
YPL190C,584,953
YKL191W,938,1134
YLR220W,289,448
YHR006W,312,386
YPL201C,10,11
YHR120W,259,303
YPL240C,2818,4390
YOR023C,307,363
YGR106C,2244,2886
YKL021C,601,757
YHR025W,1799,2446
YNL083W,171,205
YPR147C,355,445
YNL258C,545,663
YBL018C,206,280
YOR098C,872,1124
YOR357C,163,284
YOL137W,226,320
YLR410W,987,1511
YDR530C,184,215
YDR131C,146,159
YER111C,287,389
YEL031W,2740,4098
YOL071W,98,180
YER147C,279,314
YDL063C,630,758
YER144C,338,384
YNL163C,602,803
YOR385W,91,125
YGR185C,1917,2864
YJL189W,2832,4925
YMR238W,540,726
YER168C,484,624
YPL265W,1249,1934
YIL083C,374,461
YOR081C,380,433
YEL026W,1236,2146
YGR050C,45,53
YLL050C,3897,5232
YDR392W,161,215
YBR290W,216,295
YLR180W,2946,4609
YNL274C,130,165
YIL096C,162,212
YML113W,224,292
YDR021W,179,231
YGL063W,146,155
YPL212C,653,897
YMR005W,415,545
YMR296C,1351,1658
YPL028W,3653,5140
YIL018W,13617,16787
YHR136C,393,545
YGL173C,2107,3745
YOR152C,147,156
YLR330W,971,1249
YPR095C,273,312
YOR310C,2287,3574
YFR051C,1451,1950
YHR024C,462,648
YOL038W,1123,1516
YDR188W,2154,3159
YAL027W,99,124
YMR194W,1685,2695
YGL236C,191,213
YGR129W,49,86
YAR018C,165,204
YHR133C,985,1276
YDR541C,201,212
YMR303C,164,171
YOR369C,21680,28974
YNL275W,191,223
YLR289W,84,104
YOL117W,120,143
YNR014W,69,83
YGR021W,108,143
YDR411C,478,596
YBR283C,3090,3942
YIL090W,404,490
YBR205W,1287,1609
YOR321W,451,614
YML104C,496,529
YBR183W,103,130
YDL004W,408,707
YGL256W,505,529
YDR195W,264,343
YOR319W,158,178
YOL048C,182,193
YGR072W,99,145
YNL256W,574,680
YOL038C-A,2,5
YMR278W,254,370
YER184C,130,138
YLR136C,434,633
YPR071W,87,101
YMR207C,293,320
YML015C,147,180
YOR197W,1039,1514
YCR007C,52,56
YDR540C,26,33
YEL004W,148,168
YER166W,662,972
YDL014W,2828,5118
YNL098C,1124,1654
YPR057W,258,290
YLL032C,270,318
YCR027C,129,159
YDL194W,119,126
YER079W,102,142
YBR039W,681,1095
YER024W,212,214
YDR116C,189,274
YGR258C,270,306
YIL021W,601,880
YPL234C,1320,1912
YMR110C,529,623
YDL056W,232,294
YGR234W,5531,7888
YMR108W,2351,3794
YKL117W,1941,3246
YMR178W,483,609
YPR017C,125,168
YGL115W,676,846
YNL299W,275,310
YOL129W,685,926
YEL044W,261,368
YMR247C,633,798
YOR245C,241,295
YDR427W,1135,1436
YML071C,190,260
YBR077C,276,354
YEL068C,77,103
YDR176W,344,423
YPL177C,501,635
YDR122W,489,620
YER120W,1254,2278
YLR256W-A,10,17
YBR042C,436,529
YOL062C,632,700
YDR381W,1475,2464
YGL103W,13450,21775
YDR484W,228,261
YJL194W,143,181
YMR098C,280,309
YOR370C,1115,1290
YGR192C,80566,106887
YBR095C,165,225
YHR111W,407,519
YBL045C,773,1069
YML129C,104,221
YDR524C,269,320
YGR043C,47,55
YPR170W-B,624,1004
YOR224C,1063,1401
YDL070W,859,1117
YNL193W,271,335
YCR047C,308,439
YMR187C,109,126
YNL261W,366,414
YPL272C,52,55
YKL135C,642,780
YER064C,1023,1265
YDR389W,353,462
YOL002C,320,399
YLR190W,456,600
YML111W,655,755
YOR359W,262,347
YLL021W,579,939
YKL205W,771,921
YLR407W,107,154
YBR088C,797,1096
YLR425W,228,259
YBR055C,432,481
YOR175C,1007,1230
YER033C,79,109
YNL329C,451,484
YFL005W,766,1205
YKL110C,306,390
YMR014W,260,397
YML100W-A,4,5
YPR040W,193,240
YGR056W,381,474
YMR152W,389,522
YPR060C,525,656
YML057W,600,725
YDR178W,226,342
YKR038C,638,745
YGL028C,1508,1935
YLR288C,173,191
YJR004C,217,226
YCL026C-B,56,77
YJL115W,197,353
YJR073C,452,547
YGL004C,189,231
YLR204W,131,249
YML097C,242,316
YIR030C,56,72
YLR055C,338,481
YJL055W,586,839
YPR102C,2517,4052
YNL225C,146,184
YHR193C,3013,5596
YMR292W,293,426
YNL044W,561,753
YBL099W,1276,2897
YMR132C,71,93
YDR303C,652,810
YOR281C,401,558
YPL008W,328,345
YOR126C,198,271
YDL116W,627,754
YPL184C,657,903
YER034W,100,158
Q0255,2,4
YMR042W,125,140
YDR252W,40,58
YOR119C,291,388
YLL003W,235,245
YOR165W,803,1150
YDR054C,407,600
YNL196C,44,45
YLR409C,1034,1285
YBR008C,434,440
YMR268C,121,155
YCL045C,1310,1868
YJL046W,198,228
YOR092W,267,319
YMR041C,102,127
YDR221W,367,482
YML066C,52,53
YLR109W,13052,23934
YPR145W,2815,4315
YKR009C,159,177
YDR078C,78,85
YOR358W,79,101
YKL103C,338,586
YCR061W,329,507
YMR109W,761,1119
YPL042C,203,242
YMR078C,371,419
YLR094C,241,357
YBR037C,269,360
YDR232W,964,1311
YDR245W,879,1055
YHR088W,324,449
YGR276C,495,621
YLR390W,89,137
YBR017C,1096,1446
YKR014C,450,704
YDL138W,290,302
YOR056C,561,750
YJR060W,388,649
YPR118W,1356,1711
YLR141W,153,177
YPR162C,269,324
YDL089W,188,233
YLR178C,159,210
YHR175W,267,407
YGR166W,233,279
YDL161W,342,500
YKL101W,849,1071
YOR191W,375,472
YGR096W,105,118
YKL055C,54,68
YDL212W,1038,1384
YNL161W,527,672
YGR184C,585,853
YDR096W,167,227
YJL126W,136,163
YPR111W,179,217
YBR175W,335,387
YPL046C,62,91
YGL099W,572,946
YMR251W,45,48
YFL030W,80,84
YIL119C,125,183
YIL002W-A,196,326
YPL124W,42,63
YPL193W,187,225
YKL196C,851,1261
YDR314C,70,79
YJL144W,19,33
YLR231C,617,799
YDR255C,160,169
YFR021W,239,288
YKL098W,218,233
YJR139C,4380,6062
YKL016C,358,580
YBR133C,774,843
YGL017W,250,285
YBR162C,4266,5915
YCR018C,180,210
YNL007C,1462,3052
YIL004C,135,225
YPR129W,502,798
YKL174C,429,536
YJR013W,332,423
YJL133W,341,387
YGR260W,1345,1775
YBL084C,147,181
YKR094C,4332,5471
YDR143C,271,349
YDL176W,288,319
YBR111C,679,953
YPR037C,287,371
YKL121W,170,194
YML036W,120,174
YPL215W,303,415
YKR027W,432,472
YFL047W,561,642
YGR201C,194,202
YPR122W,546,613
YLR380W,508,688
YKL034W,373,465
YKL061W,33,65
YJR042W,848,1012
YMR281W,166,220
YNL058C,300,407
YMR012W,1946,3581
YER093C,320,363
YGR100W,485,572
YLR133W,253,378
YHR048W,185,194
YNL023C,491,589
YDR349C,689,792
YIR011C,350,440
YOR171C,568,731
YDR214W,1311,1888
YIL126W,383,621
YIL106W,260,358
YLR201C,185,245
YLR295C,237,406
YDL201W,346,531
YDR468C,197,318
YDR332W,197,205
YHR168W,129,148
YOL102C,222,300
YOR064C,112,121
YKL017C,185,221
YPR008W,294,368
YOR048C,855,1107
YJL147C,95,102
YFR003C,192,287
YNL297C,661,810
YLR068W,66,127
YOL081W,568,690
YIL033C,615,883
YOL036W,441,530
YGL148W,3009,4162
YOR002W,974,1106
YNR041C,344,420
YNL033W,1,3
YIL048W,513,623
YDR189W,921,1156
YAL028W,74,83
YOL056W,225,276
YGR116W,1319,2151
YFR052W,806,1128
YMR302C,449,555
YBR282W,137,234
YOR079C,240,287
YDR404C,269,369
YHR132C,808,1092
YMR213W,145,178
YLR103C,252,295
YBR230W-A,37,71
YLR188W,607,697
YGL073W,592,700
YDR194C,795,1082
YNL243W,1719,2318
YPL213W,131,181
YDR014W,101,115
YKR074W,408,527
YJR108W,23,31
YIR006C,1199,2063
YHL029C,304,344
YIL093C,233,308
YBR204C,176,227
YDR466W,368,411
YNL331C,97,101
YLR397C,601,786
YJL210W,309,357
YFR045W,136,157
YPL133C,253,280
YIL104C,242,320
YIL151C,550,587
YIL002C,362,414
YMR112C,92,161
YGL086W,135,221
YGR159C,2277,3710
YDL223C,166,178
YNL265C,198,265
YAL044C,1212,1827
YBR213W,68,104
YNL234W,79,95
YLR355C,6965,14708
YJL116C,69,79
YLR246W,135,144
YPR081C,141,170
YNL118C,921,1193
YNR030W,534,713
YJR119C,106,122
YNR023W,224,269
YOL096C,126,179
YGL228W,749,1073
YDR284C,519,634
YJR117W,1024,1393
YJL097W,723,935
YNL166C,316,531
YBR259W,183,191
YGR111W,360,479
YGL155W,394,454
YPR108W,1197,1778
YOR007C,3098,4250
YLR451W,349,393
YDR406W,592,743
YBR193C,139,171
YJR101W,411,511
YJR120W,27,34
YPR163C,3076,4985
YHR143W,2025,2663
YBR222C,884,1218
YPR088C,1441,1957
YLR131C,277,338
YPR101W,77,153
YER127W,387,559
YLR199C,285,372
YEL005C,79,88
YCL004W,180,187
YKR095W-A,80,139
YBR096W,722,942
YGR133W,127,148
YJL193W,247,288
YJR093C,203,300
YEL027W,3772,6580
YDL015C,1342,1883
YNL281W,997,1467
YDR123C,164,195
YHR110W,424,494
YBR041W,667,825
YDR430C,558,759
YGR193C,464,666
YDR487C,1051,1368
YPR185W,258,305
YPL273W,1286,1639
YIL142W,1692,2477
YGR015C,145,153
YNR035C,1157,1463
YLR406C,1860,2838
YCR036W,468,595
YLR077W,404,466
YCR044C,421,518
YNL219C,717,913
YDR037W,5361,7968
YGR040W,241,286
YER178W,3441,5684
YML041C,127,166
YLR057W,385,425
YCR004C,1070,1637
YJL091C,393,485
YLR320W,227,233
YHR005C,888,1080
YPR135W,323,495
YAR008W,170,207
YHR121W,342,502
YNL322C,955,1349
YDL179W,242,319
YHR034C,137,179
YBL019W,132,152
YMR231W,339,444
YOL070C,385,569
YOL138C,245,279
YOR188W,425,534
YMR216C,544,697
YJL085W,242,298
YDR533C,196,266
YOL148C,295,340
YLR452C,1031,1259
YLR341W,45,46
YNR054C,200,311
YBL029C-A,77,87
YDR130C,124,159
YIL015W,1456,2072
YDR420W,263,305
YPR082C,143,193
YBR291C,198,227
YNL002C,851,1291
YLR393W,52,83
YAR015W,1218,1665
YOR384W,234,247
YML114C,286,331
YDR020C,128,162
YHR201C,582,811
YJL093C,516,536
YOR320C,711,816
YNR001C,1085,1438
YOR347C,210,305
YNL082W,296,368
YLL051C,751,841
YDR395W,1418,1895
YOR279C,76,95
YPL264C,63,78
YGR008C,109,180
YLR036C,155,177
YKL211C,1005,1277
YGL060W,319,401
YNL311C,257,299
YLL002W,201,222
YJL030W,162,198
YLR424W,164,212
YLR408C,33,50
YGL123W,24090,33158
YKR066C,780,1021
YDR079W,83,111
YGR248W,38,57
YLR080W,48,61
YNL154C,875,1236
YBR086C,1437,1860
YER043C,3697,7538
YBR074W,683,901
YGR191W,1007,1374
YOR150W,179,271
YPL194W,84,104
YMR106C,138,161
YDR055W,982,1348
YBL061C,615,750
YGL203C,579,809
YPR054W,158,159
YMR140W,177,234
YLR095C,437,541
YBR034C,693,959
YML014W,237,349
YPL054W,22,26
YLR040C,87,112
YCR091W,92,99
YLR401C,642,821
YDR244W,278,355
YLR304C,4213,6820
YKL018W,281,342
YDL088C,379,461
YDL137W,1538,2015
YJR063W,237,406
YGR271W,440,580
YMR161W,264,385
YDL157C,388,610
YDR233C,2169,3142
YJL184W,147,240
YER025W,2393,4051
YDR527W,378,476
YKL139W,230,295
YCR059C,637,726
YGR042W,130,148
YDL197C,252,269
YER078C,270,325
YER130C,272,312
YDR115W,190,274
YDR428C,215,276
YIL077C,199,225
YGR071C,249,280
YCR106W,202,224
YLR029C,15642,20943
YER165W,3065,7625
YML038C,403,476
YCL059C,624,925
YJL181W,157,183
YER109C,287,298
YKR071C,533,809
YKR031C,313,396
YDR489W,176,202
YGR196C,282,406
YNL101W,484,563
YOR233W,374,413
YLR011W,80,107
YPR049C,234,277
YDL057W,105,128
YGR257C,454,490
YNL070W,232,427
YHR150W,176,195
YPL235W,903,1311
YNL182C,640,788
YJL136C,3983,6095
YDL008W,184,219
YBL050W,582,881
YJR086W,244,321
YGR280C,266,407
YGR237C,221,270
YLR031W,53,54
YDL159W,192,236
YBL087C,4141,5640
YJR014W,531,924
YJL132W,138,153
YGL190C,320,432
YBR110W,556,669
YDR144C,955,1170
YPL018W,186,223
YGL018C,62,102
YMR075W,234,269
YGR202C,366,469
YOL058W,267,323
YKL120W,822,1075
YJR041C,599,733
YKL175W,705,920
YKR028W,793,932
YFL046W,147,205
YDR379W,245,322
YMR179W,227,267
YLR381W,254,264
YNL176C,448,511
YHR169W,440,534
YMR286W,76,147
YDL175C,128,176
YOR109W,552,825
YHR104W,662,896
YDR447C,5049,5885
YGL009C,3817,5943
YKL168C,237,289
YDL200C,83,121
YDL102W,383,612
YLR237W,289,334
YJR009C,12611,16452
YER092W,157,250
YIL121W,577,637
YLR214W,3792,4883
YEL002C,1423,2049
YNL093W,8,11
YIR010W,295,344
YDR331W,387,512
YNL298W,339,430
YLR234W,87,105
YML056C,3632,4586
YKR044W,420,446
YJL127C,181,216
YGL029W,76,189
YFL004W,2220,3198
YKL149C,194,230
YNL078W,502,603
YER139C,106,139
YDL128W,746,1014
YLR433C,290,416
YMR068W,87,96
YPL098C,218,401
YMR153W,431,608
YGR239C,134,155
YIR015W,74,95
YDL040C,1615,2178
YPL096W,185,240
YJL041W,816,1303
YER032W,269,345
YJR070C,1836,2644
YKL185W,901,1081
YDL097C,1534,2226
YPR003C,201,237
YGL005C,145,175
YGR262C,356,437
YPL160W,3702,6567
YHR043C,218,281
YDL111C,454,554
YMR133W,70,79
YOL016C,258,384
YDR202C,183,226
YJL052W,633,985
YMR029C,410,467
YBR066C,159,211
YLR104W,159,220
YKL159C,123,147
YGR215W,116,224
YPL095C,167,189
YDR253C,98,102
YDR059C,78,118
YOR335C,3359,5993
YML096W,343,392
YHR192W,240,308
YCR082W,407,540
YDR300C,549,811
YJL158C,3918,6142
YGL087C,153,259
YNL301C,1464,1725
YPL052W,166,186
YIL003W,243,297
YMR224C,193,209
YBR245C,475,843
YBR163W,293,310
YDR465C,640,814
YLR276C,813,1031
YKL023C-A,150,187
YKL079W,311,367
YFR044C,1897,3084
YBR210W,126,167
YPL103C,207,249
YIL103W,400,507
YBR269C,145,250
YFR033C,258,311
YDR283C,402,497
YJR096W,230,297
YNL037C,1282,1924
YLR398C,524,798
YBR192W,251,297
YNL188W,181,209
YJR116W,196,251
YKL027W,429,505
YGR143W,382,469
YER007C-A,492,754
YGR112W,134,156
YNR022C,187,263
YLR256W,3877,4170
YGL229C,150,167
YLR056W,4161,5331
YBR125C,295,346
YDR409W,195,231
YLR356W,145,214
YBR221C,3239,4465
YAL005C,3609,8083
YJL094C,418,479
YGR074W,230,308
YKL057C,827,1045
YGL098W,107,147
YJR056C,113,161
YDR097C,502,715
YLR404W,154,171
YJL121C,1074,1607
YGR161C,229,292
YGR186W,548,842
YIR001C,153,234
YOR047C,173,231
YPL254W,337,396
YDL213C,389,611
YIL132C,48,55
YIL145C,631,808
YKL195W,747,1025
YGL216W,248,331
YDR317W,73,86
YDL042C,308,368
YDR478W,63,93
YHR064C,5945,8752
YKL015W,406,451
YOR215C,189,259
YKL179C,358,485
YMR020W,238,267
YJR089W,252,302
YJL145W,571,829
YDR377W,242,427
YIR007W,179,230
YJL201W,344,397
YDR152W,397,599
YLR153C,2423,3913
YLR146W-A,53,105
YFR020W,81,91
YNL126W,382,428
YBR132C,69,152
YKL040C,425,562
YPR114W,737,868
YLR249W,34239,61065
YNL004W,462,657
YOR327C,224,478
YIR025W,81,94
YOL126C,606,765
YPL163C,1051,1411
YDR336W,139,159
YDR320C,272,377
YPL069C,168,196
YMR230W,3062,4268
YOL139C,2555,3717
YIL092W,141,157
YBR207W,684,856
YPR133C,589,824
YPL222W,169,184
YOL073C,297,340
YLR321C,235,371
YNL191W,191,243
YOR266W,132,160
YPL203W,247,322
YNR055C,763,871
YDR532C,53,84
YHL040C,1092,1394
YGR052W,28,32
YCL012C,54,81
YDR184C,155,223
YNR011C,311,384
YNL167C,251,318
YKL210W,3184,5531
YNL221C,737,837
YLR194C,363,463
YNR032W,283,320
YNL284C,377,504
YER146W,553,753
YLR426W,210,235
YGL061C,147,186
YDR394W,1223,1633
YNL173C,254,365
YDR399W,1111,1519
YAR014C,640,792
YLL052C,46,53
YOR087W,441,572
YLR186W,696,957
YKL127W,1158,1690
YHR159W,145,168
YPL132W,214,259
YIL114C,260,307
YLR435W,250,403
YPL100W,222,277
YGL234W,3415,5443
YOL055C,183,213
YPR093C,80,98
YNL061W,933,1317
YOL082W,283,316
YAL029C,813,974
YIL070C,265,453
YKL013C,530,751
YOR148C,127,161
YNL108C,368,535
YDR421W,181,207
YLR226W,236,282
YHL035C,804,839
YMR301C,427,534
YGL171W,393,612
YDR294C,888,1105
YFR002W,749,946
YBR267W,305,469
YJL217W,908,1399
YBR285W,12,13
YGR161W-C,49,67
YGR089W,385,436
YBL029W,83,91
YDR325W,354,398
YBR181C,1508,1895
YHL028W,138,167
YNL131W,725,1233
YEL020W-A,132,242
YNL124W,304,395
YJL073W,271,347
YBL005W,691,737
YOR078W,205,302
YOR322C,529,631
YNL048W,473,585
YOL125W,355,423
YLR371W,423,515
YOR389W,45,51
YOR243C,949,1262
YLR130C,762,815
YER022W,373,457
YBR057C,190,245
YNR059W,206,212
YDR041W,258,367
YGL047W,173,219
YMR165C,274,363
YOL114C,28,40
YKR070W,447,601
YNL059C,611,775
YMR205C,4377,10095
YIL094C,1907,2397
YCR005C,1287,1601
YCR105W,57,68
YJL185C,93,104
YER164W,530,806
YBL101C,284,342
YNL237W,149,168
YML017W,386,711
YIL016W,203,310
YLR032W,328,400
YOL047C,11,12
YPR141C,121,170
YPL011C,221,246
YBL051C,352,697
YGR281W,726,971
YLR089C,601,850
YPL161C,279,327
YMR298W,403,624
YPR015C,22,26
YMR022W,313,446
YDR488C,187,221
YNL115C,274,393
YJL063C,362,482
YOL021C,809,1204
YGR256W,44,52
YEL042W,928,1388
YLR113W,1691,1949
YEL020C,281,308
YHL013C,181,284
YOL060C,572,690
YGR009C,309,526
YNL208W,1410,2347
YMR185W,462,517
YCL005W,247,276
YGL105W,2678,4445
YBR097W,278,348
YLR014C,228,243
YDL076C,254,296
YOR137C,160,175
YDR120C,902,1139
YER126C,411,775
YPL060W,64,81
YMR227C,165,237
YPR186C,127,152
YOR113W,135,194
YGR194C,254,286
YDR486C,183,301
YJL192C,857,1110
YHR117W,746,940
YOL130W,791,939
YDR030C,77,86
YGR254W,2313,3649
YOR238W,167,202
YNL325C,188,223
YPL274W,888,1216
YNL257C,625,666
YBL047C,986,1901
YNL293W,235,282
YEL051W,1708,2426
YCR045C,340,348
YLL023C,335,468
YKL203C,419,532
YOL004W,838,1301
YOL128C,141,163
YPL209C,60,86
YGR014W,1262,1719
YOR005C,202,225
YGL050W,203,264
YPR161C,456,537
YDL036C,217,271
YMR032W,288,340
YMR150C,240,286
YFL007W,1041,1359
YML059C,612,778
YDL129W,79,106
YDR063W,153,255
YKR045C,88,110
YIL014C-A,39,58
YGR238C,149,161
YCR012W,50562,91325
YER035W,80,155
YDR201W,98,159
YDR254W,182,209
YPR128C,422,513
YGR263C,182,219
YKL156W,1803,2668
YMR310C,281,356
YHR191C,92,139
YDL110C,92,162
YDL098C,86,119
YDR301W,358,482
YJL053W,271,357
YPR104C,407,492
YMR069W,33,42
YPL023C,637,795
YGR214W,9601,12985
YOR283W,298,438
YPR002W,89,102
YGL006W,503,605
YPL006W,409,606
YOR293W,5008,7528
YCR083W,163,231
YKR067W,292,423
YMR143W,5285,7343
YLR297W,13,29
YML028W,9268,14878
YCR063W,37,61
YLL001W,484,683
YOR168W,2913,4513
YDR052C,359,420
YHL006C,68,82
YMR043W,263,375
YPR173C,779,932
YFR024C-A,1034,1586
YCL047C,145,197
YJL031C,250,319
YML077W,181,257
YER068W,373,517
YER013W,335,408
YDR223W,94,99
YMR269W,57,100
YKL053C-A,183,279
YGL122C,636,998
YDL021W,90,119
YLR143W,301,370
YLR043C,2020,2891
YJL008C,2084,2774
YDL018C,206,290
YPL176C,515,623
YLL042C,22,30
YML060W,137,195
YJR062C,234,277
YBR239C,121,142
YBR035C,463,811
YPR160W,133,202
YMR191W,267,340
YPL019C,5488,7292
YBL060W,258,285
YML035C,732,1044
YNL181W,358,531
YLR154C,118,158
YCL010C,365,440
YDL136W,220,284
YCR090C,375,475
YPR171W,340,400
YKL056C,13547,19285
YAL060W,855,1091
YKL065W-A,9,11
YFL025C,360,408
YKL009W,861,1280
YIL144W,104,162
YOR156C,187,218
YFL052W,16,18
YPL270W,479,587
YOR124C,622,908
YOR332W,1937,3448
YKR056W,520,747
YCL057C-A,358,558
YJR057W,187,254
YHR164C,243,300
YKL150W,585,694
YJL159W,5829,9866
YIL133C,3467,6276
YHR063C,743,959
YJL200C,830,1060
YBR148W,23,26
YGL211W,449,519
YDR316W,103,161
YMR093W,759,946
YPL033C,3,6
YPL113C,119,134
YCR076C,180,225
YLR377C,66,69
YNL107W,140,184
YIR036C,314,406
YIL009C-A,238,270
YBL063W,256,298
YDR479C,383,420
YAL059W,227,363
YMR033W,605,729
YKL194C,184,233
YNL088W,743,1115
YKL096W,730,1199
YDR089W,500,598
YKL014C,759,1037
YGL160W,451,526
YMR021C,233,289
YNR036C,492,765
YPL216W,274,298
YJR040W,571,734
YPR119W,265,403
YJR015W,1213,1631
YLR207W,261,360
YDR378C,458,700
YOL122C,409,526
YGR277C,308,385
YBL086C,151,206
YKL176C,752,784
YKR029C,258,360
YIR027C,35,38
YDR249C,158,171
YGL191W,340,598
YJL104W,290,452
YPR010C-A,66,120
YOR296W,269,309
YFL041W,562,855
YJL168C,420,550
YDR145W,459,596
YFL009W,573,726
YDL174C,474,583
YER091C,1322,2875
YJL062W,540,696
YIR024C,57,91
YDL103C,566,854
YJR008W,92,106
YDL203C,361,422
YBR011C,3732,7139
YML031W,741,909
YLR215C,123,166
YML082W,290,334
YLR363W-A,118,179
YLR439W,231,298
YKL100C,776,937
YDR216W,220,264
YIL120W,144,153
YKL130C,289,368
YOR106W,110,141
YPL138C,169,208
YNL021W,368,471
YNL236W,541,645
YOL054W,144,170
YFR001W,296,440
YPL198W,399,564
YAR031W,99,114
YBR220C,485,556
YIL019W,215,331
YIL115C,789,1228
YKR013W,1788,2313
YPL007C,323,368
YGL233W,615,712
YCL027W,255,296
YGR113W,302,344
YLR319C,298,367
YKL033W-A,928,1259
YMR036C,170,198
YMR235C,1606,2172
YOL053W,92,110
YHR029C,289,388
YPL091W,1243,1832
YPR164W,325,383
YIL031W,195,225
YDR295C,213,259
YAL033W,240,321
YLR203C,475,625
YGR155W,4549,6713
YGL208W,177,227
YFR049W,157,247
YBR284W,58,62
YMR195W,256,325
YDR108W,314,353
YNR049C,120,169
YDR192C,189,294
YOL112W,332,381
YKR004C,150,163
YML109W,266,350
YLR342W,4554,7613
YOL083W,67,82
YLR335W,1133,1543
YNL251C,563,849
YJR102C,101,131
YPL089C,237,261
YHR134W,171,180
YOR020C,1378,2344
YBL028C,234,379
YBL004W,834,1317
YBR164C,579,832
YIL153W,330,385
YIL045W,112,160
YJR088C,588,797
YIR029W,75,81
YHR074W,1183,1461
YDR464W,468,556
YMR030W,40,55
YLR368W,275,304
YBR268W,189,304
YFR030W,543,637
YKL089W,177,212
YOR006C,267,384
YBR131W,156,198
YLR277C,465,530
YAL011W,193,221
YBR036C,1086,1372
YBR244W,468,709
YIL055C,143,157
YNL050C,128,182
YLR436C,486,549
YOR028C,90,125
YBR179C,359,446
YDR282C,128,148
YPL155C,298,353
YJR097W,58,87
YOL009C,82,93
YPR091C,457,564
YLR351C,804,1007
YOL094C,197,309
YPR031W,245,287
YAL002W,348,384
YJL095W,301,358
YHR018C,614,835
YDR408C,622,844
YBR126C,756,1531
YLR287C-A,1450,2017
YLR257W,973,1344
YGL202W,2326,3400
YPL106C,5832,11601
YLR173W,188,218
YOR046C,1336,2015
YKR035W-A,230,378
YNL141W,971,1256
YPL208W,486,560
YBL026W,184,289
YMR220W,785,940
YPR187W,743,1117
YKL032C,411,619
YEL018W,148,189
YKL006W,3538,5760
YDR121W,145,252
YER125W,596,1265
YOR258W,81,93
YDR432W,1704,3773
YGR195W,335,435
YPL211W,808,1202
YMR115W,216,285
YDL077C,392,456
YOR222W,397,440
YOL043C,93,97
YOL061W,1406,1861
YOR206W,1096,1533
YGL104C,154,169
YER152C,855,944
YLR015W,220,275
YHR116W,77,108
YLL046C,1,2
YOL100W,344,381
YPL220W,703,1018
YNL283C,653,730
YLR008C,380,501
YMR114C,71,83
YJL191W,976,1415
YPR066W,127,140
YMR219W,358,507
YBL046W,209,243
YGR017W,304,381
YDR031W,43,70
YJR061W,233,244
YOL005C,331,558
YOR213C,141,173
YOL107W,180,231
YEL050C,370,485
YFR016C,435,618
YPR080W,1310,4723
YHR016C,328,497
YOL072W,209,228
YLR450W,504,670
YNR048W,133,160
YGL159W,261,303
YOR155C,357,426
YGR109C,165,207
YGL224C,243,297
YIL017C,285,303
YNL268W,1424,1924
YOR307C,430,489
YLR396C,303,360
YNR009W,164,246
YHR147C,264,371
YOL123W,1317,2031
YDR132C,153,171
YML116W,305,345
YNL084C,572,780
YGL066W,225,311
YGR156W,311,375
YDR185C,57,67
YOR070C,341,387
YLR179C,1988,2892
YBR084C-A,6071,8682
YAR042W,521,664
YOR166C,176,214
YHR207C,305,414
YOL086C,66089,95225
YHL038C,220,248
YER141W,678,872
YMR313C,349,420
YPR030W,107,110
YDR425W,173,208
YNL220W,1816,2634
YBL007C,1397,2323
YGR060W,2563,3742
YCL064C,2855,3932
YML076C,217,253
YER174C,229,285
YPL147W,106,112
YML029W,364,454
YOR140W,168,241
YOL133W,220,331
YPR073C,404,591
YNL313C,741,967
YHR094C,1777,2390
YGL219C,308,365
YLR127C,314,344
YGL031C,6142,8760
YCR048W,621,760
YKL006C-A,101,150
YCR033W,510,598
YER069W,336,386
YMR091C,531,804
YER012W,598,964
YDR104C,203,226
YDR222W,254,305
YBL067C,447,545
YMR208W,582,768
YHR098C,1298,1741
YDL019C,494,698
YML034W,467,623
YDL135C,373,595
YBL039W-B,32,39
YLR042C,89,127
YCR093W,626,1165
YMR011W,1885,3083
YIR039C,67,71
YPR018W,173,230
YEL072W,41,47
YKR059W,795,1115
YIL152W,158,166
YPR058W,478,582
YDL020C,627,758
YDR168W,822,1300
YPR188C,243,334
YPL072W,145,161
YML061C,339,407
YGL080W,181,267
YNL202W,61,72
YDL191W,453,612
YJL186W,1039,1399
YER023W,1714,2706
YER163C,285,330
YLR262C-A,640,1130
YER132C,249,292
YOR095C,660,923
YPL140C,202,236
YGR295C,343,390
YBR069C,2733,3287
YML016C,493,570
YGL040C,1083,1441
YKR084C,655,941
YDL017W,157,193
YDR512C,168,265
YDR113C,203,267
YLL031C,886,1091
YOR021C,692,1079
YDR058C,63,77
YLR088W,556,734
YBR021W,184,216
YLR438C-A,195,351
YGR255C,475,567
YNL156C,516,587
YNL138W,1647,2613
YGL110C,297,361
YDL051W,1146,1627
YDR179W-A,202,211
YGL263W,21,22
YBL102W,619,805
YMR242C,4200,5749
YIL038C,623,929
YGR282C,4700,7164
YNL183C,327,432
YCR030C,483,663
YPR152C,138,173
YMR077C,68,89
YPL183C,733,951
YDR166C,372,450
YKR088C,533,634
YNL068C,249,326
YPL186C,32,35
YGR204W,3036,4952
YMR198W,247,277
YJR080C,108,137
YJL005W,472,627
YGR204C-A,2,7
YJL050W,1255,2036
YDR170W-A,38,39
YDL192W,4474,6058
YOL095C,188,206
YDR146C,334,502
YKR063C,222,275
YHR056C,264,357
YBR112C,656,911
YPL158C,380,496
YBL081W,177,237
YDR248C,151,212
YJR016C,3577,5374
YDL202W,161,254
YDL100C,2129,2972
YFL008W,374,579
YDR337W,219,325
YOL006C,485,704
YJL061W,559,690
YOR049C,167,188
YLR216C,2478,3556
YMR017W,15,18
YDR217C,296,383
YGR063C,279,423
YDR441C,157,220
YGL140C,489,669
YLR432W,2128,3060
YNL020C,312,350
YOR101W,356,488
YLR290C,163,199
YER090W,1058,1707
YIL123W,2140,4191
YOL052C-A,16,23
YNL218W,186,225
YMR246W,2262,3251
YMR035W,169,210
YDR231C,137,187
YLR352W,265,305
YJL112W,452,488
YCR015C,110,133
YOR178C,159,164
YKR011C,248,342
YOR274W,176,231
YDR159W,359,411
YMR173W,993,1491
YGL185C,181,222
YMR059W,65,82
YDR062W,1411,1873
YLL033W,86,102
YPL226W,2347,3710
YML058W,1237,2063
YML123C,9220,13397
YOR251C,440,635
YDR107C,230,297
YJR076C,712,948
YHR190W,1354,1933
YLR106C,1125,1845
YPR013C,95,105
YPR005C,63,69
YKR065C,496,691
YKL157W,1360,2073
YKR002W,359,480
YGR044C,359,457
YOL159C-A,39,57
YBR003W,343,408
YDR200C,156,195
YPL050C,964,1138
YBR068C,1877,2525
YOL140W,300,313
YDR279W,261,316
YDL113C,267,320
YNL138W-A,81,110
YPL083C,320,352
YNL011C,229,256
YDR357C,176,205
YDL099W,252,386
YGL226C-A,292,459
YPL067C,156,193
YBR130C,454,552
YJR021C,144,170
YLR274W,520,665
YPR016C,859,1369
YBR247C,470,666
YBL040C,731,921
YDR463W,430,628
YIL001W,160,183
YAL010C,149,175
YIL154C,413,517
YPL149W,268,292
YHR174W,63077,95593
YIL101C,109,115
YBR165W,139,168
YHR097C,142,191
YDL220C,173,194
YGR170W,514,563
YHR075C,109,123
YKL004W,1241,1499
YOR208W,169,189
YNL142W,114,125
YMR250W,282,354
YFR031C,266,320
YMR083W,3117,4635
YHR019C,3739,6058
YJR129C,93,112
YOR367W,229,291
YDR281C,92,147
YAL003W,9560,16544
YNL053W,274,340
YIL149C,454,540
YNL271C,413,600
YLR200W,158,289
YGR138C,35,39
YPL075W,622,675
YLR258W,445,588
YNL200C,151,185
YNR015W,357,452
YJR098C,62,89
YBR127C,3233,6385
YOL098C,1201,1564
YLR350W,384,497
YMR253C,206,260
YFL024C,314,379
YOR094W,162,215
YPL243W,1158,1440
YAL061W,280,366
YHR176W,93,109
YGR163W,221,302
YGL126W,799,868
YKL022C,336,393
YLR018C,335,431
YIL130W,186,277
YOR012W,66,81
YBL092W,9361,15472
YDR368W,974,1416
YBR101C,593,849
YLR147C,61,136
YDL164C,483,616
YDR016C,160,208
YJR050W,86,117
YDR177W,567,864
YHR132W-A,187,282
YDL211C,97,108
YDR375C,295,334
YHR062C,338,410
YIL014W,393,461
YBR149W,1054,1518
YGL210W,244,318
YPR110C,1641,2195
YDR088C,90,136
YCR020C-A,152,204
YOL149W,199,295
YKL042W,191,242
YLR376C,40,45
YLR281C,26,31
YNL158W,216,266
YNL066W,1573,2473
YLR453C,68,80
YPL112C,378,463
YPL030W,401,540
YAL058W,361,423
YDR452W,1054,1233
YLR316C,298,329
YDR319C,183,209
YFL033C,363,442
YKL095W,55,81
YJR136C,181,197
YGL225W,2382,3323
YHR037W,394,644
YJL098W,457,593
YKL137W,177,260
YFR017C,38,48
YIR021W,252,280
YML108W,86,131
YHR017W,240,282
YOL044W,148,183
YDR534C,86,111
YHR148W,165,262
YLR323C,110,147
YOL028C,98,150
YDR186C,475,557
YBR103W,356,408
YBL038W,203,307
YML117W,806,975
YGL067W,334,433
YDR424C,138,208
YGR189C,2120,2901
YNL278W,143,222
YIR003W,347,503
YOR069W,325,464
YGR038W,430,561
YKR001C,1764,2778
YER140W,207,244
YOR363C,217,231
YNL087W,1300,1665
YFL029C,198,234
YNL223W,107,131
YOR196C,282,378
YBR227C,244,321
YLR176C,143,188
YBR278W,140,159
YFR055W,779,1118
YHR157W,8,11
YOR051C,869,1148
YOR273C,304,367
YNL024C-A,169,281
YDR296W,252,352
YGL232W,373,541
YPL107W,54,75
YML053C,104,166
YGR141W,322,414
YFL031W,2712,2746
YIL030C,1136,1516
YIL116W,716,898
YMR123W,288,448
YPL032C,678,884
YGR094W,5578,8021
YJR138W,277,329
YLR442C,301,369
YDR191W,86,105
YJR103W,506,629
YPR046W,61,83
YHR028C,988,1189
YBR265W,478,616
YOR381W,284,287
YFR048W,277,328
YBR287W,552,679
YNR037C,207,311
YDL044C,136,183
YCL024W,291,342
YMR307W,8368,12906
YPL271W,246,434
YAL032C,139,179
YGL145W,385,458
YGL112C,710,837
YHR137W,451,545
YNL160W,594,856
YBR230C,145,230
YNL252C,205,279
YBR187W,1275,1615
YNL046W,312,336
YER133W,1065,1698
YGL248W,234,275
YKL197C,192,260
YMR201C,116,153
YHR077C,583,648
YCR003W,129,174
YOR342C,414,475
YLR132C,87,108
YER020W,285,346
YER162C,118,141
YOR020W-A,69,118
YNL255C,1448,2425
YDR511W,91,132
YML011C,87,112
YKL035W,2086,3080
YNL201C,396,507
YDL190C,727,960
YCR028C-A,541,993
YMR210W,327,370
YHR102W,341,430
YHR030C,506,652
YDR043C,106,128
YGR076C,79,153
YER075C,274,328
YJL187C,416,466
YOR250C,182,247
YEL015W,748,952
YBL103C,256,308
YEL040W,3038,4125
YKR085C,364,513
YPR131C,217,285
YPL045W,297,347
YLR418C,462,637
YPL085W,464,1116
YLR224W,338,364
YPL128C,343,446
YOL078W,246,313
YLR063W,187,233
YER059W,229,292
YMR243C,2644,3039
YIL143C,450,581
YGL111W,525,700
YLR271W,45,55
YBR289W,334,418
YOR136W,2739,3838
YHR139C,21,23
YOR132W,414,529
YBL025W,93,112
YLR102C,104,136
YOL066C,380,455
YDR126W,71,80
YLR388W,1797,2902
YLR414C,345,474
YKL212W,1789,2573
YJL071W,214,241
YGL167C,771,1185
YHR115C,552,635
YOR223W,120,175
YER124C,1976,2413
YEL022W,861,1098
YPL188W,271,351
YOL033W,227,247
YIL053W,5857,9218
YDL074C,670,850
YER153C,128,137
YOR374W,501,771
YJL190C,9792,14059
YKL001C,246,333
YLL025W,13,14
YGL107C,421,518
YOR269W,179,193
YOR212W,845,1058
YPL256C,895,1087
YDR520C,252,276
YKL201C,289,306
YLL049W,227,253
YMR221C,572,699
YMR037C,418,563
YNL106C,257,311
YDL069C,73,80
YGR016W,62,76
YEL053C,362,427
YHR211W,75,76
YMR280C,92,101
YDR236C,249,300
YJL042W,483,685
YER037W,219,258
YPL037C,4161,6395
YER057C,808,1201
YCR092C,323,405
YMR156C,96,109
YKL145W,2062,2868
YJL111W,1748,2441
YIL066C,63,80
YMR211W,214,236
YKR010C,282,354
YKR051W,224,257
YMR034C,84,105
YLL010C,393,517
YMR058W,5116,8201
YDR061W,418,496
YNL113W,355,613
YJR112W-A,136,170
YOR290C,656,854
YKL114C,381,546
YML024W,8164,9818
YOL119C,412,498
YML093W,500,911
YJR077C,1240,1920
YHR197W,665,809
YCR081W,215,260
YBR002C,251,324
YDR391C,129,155
YPR106W,299,351
YFR015C,204,251
YDR276C,585,1339
YGR261C,867,1081
YKL154W,298,398
YGR180C,2978,4390
YDR158W,3368,4895
YOR111W,107,131
YMR116C,28754,38597
YOL019W,313,431
YOR164C,780,1074
Q0105,1,2
YLR107W,180,211
YMR073C,195,237
YPL082C,603,768
YNL144C,68,70
YDR323C,124,134
YGL030W,8734,12525
YGR283C,288,362
YDL052C,566,800
YER175C,137,157
YMR308C,1905,2536
YJL178C,664,889
YMR174C,7,13
YIL084C,117,172
YLR429W,1422,2109
YDL183C,64,74
YPL099C,112,163
YMR218C,381,439
YDR050C,31692,47125
YGR061C,2544,4308
YLL007C,146,191
YLL048C,1564,2127
YCR032W,261,293
YNL312W,512,726
YER011W,336,588
YDR105C,417,499
YLR441C,11323,15412
YOR271C,1287,1755
YBL066C,119,147
YPL241C,216,247
YGL120C,1512,2091
YLR145W,47,69
YGR271C-A,111,209
YDL241W,67,105
YLR098C,273,294
YNL073W,342,397
YPR022C,405,489
YLR110C,39409,56486
YIR038C,351,474
YDL134C,652,769
YEL071W,2752,4147
YKR058W,119,126
YBR098W,170,190
YML062C,159,236
YPL233W,101,123
YBR033W,116,120
YER138W-A,444,450
YNL041C,471,565
YDR369C,181,218
YBR106W,3981,5268
YKL132C,139,141
YBL093C,286,380
YKL054C,1237,2605
YLR390W-A,2050,3263
YHR171W,116,142
YGR162W,2043,3657
YDL165W,244,367
YGR227W,392,494
YDR258C,722,1094
YDR032C,1238,1809
YJL124C,409,615
YOR076C,311,390
YDR179C,29,43
YLR253W,360,414
YKL023W,120,164
YNL165W,185,214
YJR051W,444,589
YKL094W,550,683
YNL022C,444,538
YDR261C,632,809
YIL131C,410,526
YKL143W,431,660
YBR146W,433,556
YDR318W,144,167
YFL034W,344,443
YPL031C,500,586
YAL044W-A,202,299
YDR453C,54,67
YER080W,636,924
YJL164C,123,203
YNL125C,277,315
YNL065W,228,305
YJR019C,134,167
YNL030W,1435,1943
YOL026C,214,344
YJR135C,87,108
YDR321W,1817,2592
YFR032C-A,4777,6799
YGL213C,420,578
YNL178W,20117,29834
YDR147W,317,368
YHR200W,916,1392
YMR031C,478,785
YBL080C,159,181
YMR076C,468,605
YGR205W,196,260
YDR356W,185,314
YDR167W,272,354
YDL083C,5825,8297
YJL051W,347,382
YPR074C,6064,8779
YJR017C,439,627
YPL180W,355,446
YHR057C,434,560
YCR053W,3211,4836
YNL027W,242,317
YPL022W,511,541
YDR440W,220,266
YJL060W,443,626
YDL101C,301,375
YDL205C,447,609
YML080W,205,283
YNL099C,323,429
YMR027W,944,1371
YLR291C,683,896
YDR210W,350,535
YGR048W,304,403
YOR097C,109,145
YDL230W,215,270
YOR259C,1571,2144
YML115C,737,945
YJR113C,380,482
YBR279W,354,514
YGR024C,552,612
YLR149C,78,94
YLL018C-A,44,65
YIL117C,296,405
YAL055W,43,77
YHR041C,308,368
YOL052C,427,555
YGR140W,292,346
YDR475C,346,369
YPL137C,641,798
YNL116W,328,406
YOL023W,110,137
YGR097W,341,422
YHR156C,86,109
YBR151W,1082,1316
YCL025C,404,509
YBR184W,49,54
YMR102C,423,527
YGL231C,503,686
YOR241W,662,848
YGR157W,2108,2786
YNL282W,142,171
YBR286W,5101,7015
YGL144C,167,179
YDR297W,715,928
YAL031C,286,321
YML070W,1087,1756
YBL006C,366,470
YLR340W,25356,36788
YGR108W,459,555
YMR070W,308,376
YBR264C,162,225
YBR231C,146,187
YHR162W,1907,2394
YBR246W,481,575
YPL110C,286,385
YLR162W-A,3,1332
YPL150W,314,360
YGR207C,362,587
YLR275W,37,83
YOR004W,403,536
YOR073W,265,291
YER095W,384,540
YBR166C,467,615
YDR462W,233,320
YKL043W,333,387
YIL155C,280,355
YGR171C,176,206
YMR177W,228,276
YDL227C,846,1145
YPL065W,140,170
YAL048C,165,198
YPL055C,238,325
YPL210C,936,1183
YAL013W,278,337
YGL093W,400,479
YDR098C,842,1280
YOR371C,192,242
YPL009C,573,919
YNR003C,390,532
YIL148W,7445,9248
YGL200C,1471,2007
YJR099W,197,271
YOR019W,108,116
YOR044W,62,78
YLR259C,5001,9393
YML086C,1091,1531
YNL192W,1047,1277
YFR036W,49,79
YPL157W,233,297
YKL005C,304,361
YBR120C,61,121
YLR085C,272,320
YDR280W,423,568
YOR179C,104,140
YKL215C,441,670
YDR418W,6286,10567
YGL166W,137,199
YHR114W,429,531
YHR138C,67,108
YBL024W,1047,1740
YMR241W,1311,1791
YGR123C,523,865
YGL079W,161,191
YDL075W,5291,8635
YER150W,70,80
YDR127W,1387,2572
YNL279W,194,206
YCL034W,645,815
Q0140,1,2
YBR288C,526,644
YOR151C,1900,2556
YMR166C,158,185
YOR220W,199,294
YJR067C,73,120
YMR222C,203,310
YGR197C,541,713
YMR284W,167,203
YOR065W,311,412
YNL264C,288,418
YNL155W,391,533
YPR158W,142,209
YIL099W,31,32
YLL024C,6579,14768
YDR434W,685,876
YGL106W,760,1236
YOL027C,607,839
YOR211C,437,545
YPL257W,27,33
YDR033W,5494,7935
YIL047C,1266,1432
YPL120W,175,206
YPL117C,854,1184
YIL075C,2408,3209
YOL145C,697,955
YMR287C,185,217
YGL226W,66,106
YHR038W,54,106
YJL099W,205,243
YHR149C,427,520
YIL020C,194,300
YLR177W,330,350
YBR208C,456,565
YNR074C,380,440
YER074W-A,114,260
YDR005C,301,347
YOR014W,639,937
YPR154W,194,325
YHL025W,438,490
YOL029C,118,119
YGL091C,312,403
YOL045W,438,541
YFR010W,957,1380
YHL009C,138,207
YDL112W,877,1189
YGR054W,868,1429
YJL109C,1637,2090
YOL155C,760,892
YHR205W,624,876
YGR037C,1041,1974
YIL008W,203,356
YOR236W,194,268
YOL121C,4028,5705
YBL039C,1807,2928
YGR188C,128,144
YOR067C,631,805
YNR058W,54,55
YER143W,330,465
YNL045W,557,838
YNL086W,60,88
YGL064C,178,221
YFR053C,586,1027
YGR284C,1162,1593
YDL053C,240,366
YNR063W,58,81
YOR122C,2099,3067
YIL071C,125,133
YGL033W,6,7
YIL005W,401,616
YKL109W,176,215
YCR031C,7139,10645
YNL286W,121,149
YMR119W,458,497
YDR106W,16,23
YLL006W,174,237
YMR215W,1009,1444
YDR051C,356,442
YGR062C,166,179
YML128C,229,260
YER010C,290,346
YER176W,597,767
YIL049W,145,175
YOR142W,837,1359
YKR003W,432,553
YDL180W,323,360
YGL127C,97,135
YBR030W,368,409
YLR336C,503,681
YDL133W,344,384
YDL232W,129,237
YJL019W,209,272
YDL022W,769,1624
YPR021C,356,400
YLR044C,78162,137303
YGR244C,695,930
YOR286W,349,585
YKR037C,187,218
YBR065C,145,188
YLR099C,312,361
YOR149C,307,337
YGR117C,406,468
YOR298C-A,2670,4202
YML032C,316,372
YLR146C,337,431
YDR240C,230,265
YHR135C,913,1144
YDR429C,1538,2382
YHR079C,328,385
YDL035C,238,328
YER118C,483,589
YML010W,1622,2651
YDL193W,396,540
YCR102C,39,40
YER021W,1836,2369
YBR052C,552,789
YER134C,189,249
YEL052W,482,552
YNR068C,83,85
YIL064W,291,409
YMR055C,122,143
YEL009C,5577,5638
YER161C,178,254
YBR083W,435,557
YHR103W,719,847
YNR019W,764,996
YOR001W,620,746
YNL047C,268,310
YDR498C,250,289
YFL013C,345,466
YOR257W,104,186
YDR461C-A,71,97
YGR002C,261,323
YEL041W,95,109
YER129W,576,635
YBR058C-A,215,355
YOL113W,264,278
YDR111C,297,348
YMR120C,1585,2312
YGR253C,1322,1849
YDR510W,675,1350
YKR082W,834,1027
YLR228C,391,439
YHR129C,202,223
YLR019W,374,452
YCR079W,140,152
YPR045C,405,509
YER058W,43,68
YPR010C,2430,3724
YPL231W,4750,9253
YLR148W,400,505
YMR137C,109,123
YDR164C,426,507
YDL082W,4159,6161
YKL155C,204,254
YKL178C,26,30
YJR069C,408,703
YBR162W-A,251,520
YLR242C,214,231
YDR119W,1289,1650
YGR023W,66,80
YKR055W,149,186
YFL042C,290,361
YPL081W,1194,1648
YDR351W,368,457
YJL107C,44,59
YGR085C,1106,2045
YMR188C,199,326
YDR148C,602,997
YPL181W,322,440
YJR034W,78,142
YLR121C,265,301
YDL045W-A,138,214
YOR003W,100,106
YLR210W,245,286
YDR490C,347,434
YNL055C,2620,4344
YDL204W,77,80
YDL106C,193,249
YIL042C,133,148
YDR335W,987,1204
YKR061W,169,178
YPR055W,390,488
YNR070W,128,131
YPR020W,114,200
YHR081W,162,250
YGL116W,285,392
YGR206W,73,104
YGL189C,5843,9275
YPR036W-A,901,1505
YOR239W,1007,1537
YPL014W,105,132
YML081W,672,734
YHR181W,473,584
YNL320W,223,280
YDR443C,238,282
YDR211W,1187,1570
YCR095C,186,237
YMR128W,603,952
YLL011W,349,532
YCR077C,943,1409
YML130C,541,789
YJL029C,483,568
YER056C,2567,3271
YGL130W,325,483
YMR157C,186,259
YJL033W,573,818
YOR195W,129,252
YER036C,2889,4494
YCL005W-A,335,611
YNL306W,431,608
YML075C,950,1158
YCR017C,1052,1398
YDR237W,270,351
YOR297C,182,249
YDR060W,1230,1688
YBL072C,3185,4621
YOR182C,1726,2391
YMR080C,1028,1352
YPR144C,676,790
YGL187C,205,333
YMR193W,128,226
YJL023C,97,110
YBR001C,430,529
YNL246W,384,460
YIL027C,326,404
YCL033C,257,368
YHR196W,699,871
YHR040W,165,224
YMR048W,143,195
YDR277C,70,97
YPR067W,164,196
YJR094C,79,96
YJL047C,189,233
YML025C,209,294
YDL124W,1114,1568
YDR257C,437,516
YJR074W,189,272
YNL291C,484,546
YGR266W,511,692
YDL148C,594,887
YJL167W,2240,3202
YPL076W,95,114
YAL012W,4107,6448
YHR163W,945,1137
YJR134C,280,347
YKL011C,148,172
YBR167C,53,84
YIL156W,334,385
YNR031C,574,664
YBR241C,166,208
YML002W,256,260
YKL044W,27,29
YPL196W,181,236
YLR272C,368,436
YHR100C,148,196
YDL226C,886,1399
YML018C,655,766
YNR017W,894,1248
YKL059C,277,357
YFR037C,1066,1425
YCL039W,304,347
YAL049C,422,588
YJL212C,868,1206
YOR234C,3271,4764
YGR136W,632,913
YNL097C,177,205
YOR008C,472,621
YOR018W,210,245
YDR513W,397,673
YDR461W,281,663
YGL201C,530,749
YGR070W,222,236
YKL084W,165,248
YDR099W,1513,2622
YBR121C,5137,6930
YFL027C,323,352
YDL146W,211,238
YKL133C,87,98
YJR052W,176,206
YKL188C,84,86
YMR062C,377,496
YLR292C,426,602
YDR481C,1782,2279
YKL020C,489,583
YFR019W,391,490
YHR170W,1211,1611
YJL125C,327,409
YBR107C,142,151
YLR312W-A,222,315
YBL090W,109,196
YDR259C,43,48
YPR034W,468,610
YER128W,64,73
YKL068W,909,1144
YPL129W,490,735
YNL267W,616,680
YDL166C,324,513
YDR260C,137,190
YKL142W,657,985
YPL049C,559,752
YBR147W,12,15
YGL212W,105,161
YNL031C,2526,3898
YNL122C,80,140
YLR045C,509,651
YIL136W,133,178
YNL241C,1210,1782
YHL010C,145,168
YDR169C,208,305
YPR041W,2465,3730
YDR373W,281,427
YGR233C,726,914
YDR322W,270,348
YNL008C,480,539
YOL111C,405,619
YDR004W,252,278
YGL227W,269,309
YOR350C,236,254
YFR011C,152,259
YIL074C,995,1247
YMR312W,291,354
YIL161W,67,101
YLL043W,884,1061
YOL144W,227,300
YOR066W,310,383
YMR297W,3396,4351
YLR395C,151,284
YHL008C,231,264
YOR096W,9813,14256
YHL024W,146,153
YCL016C,188,202
YHR039C,1179,1405
YBR274W,271,312
YER131W,2931,4179
YGL178W,127,219
YNL249C,201,210
YMR090W,124,144
YKL088W,254,373
YER142C,97,121
YML119W,222,256
YBR070C,247,302
YGR036C,176,216
YGR118W,4135,5671
YGR121C,200,222
YDL184C,191,1486
YKL220C,110,124
YGL065C,362,494
YKR087C,221,280
YDR180W,216,296
YOL120C,9241,12573
YHR199C-A,30,35
YHR099W,602,1008
YLR243W,265,358
YAL001C,391,471
YLR196W,1000,1449
YPL221W,769,928
YIL036W,331,469
YPL047W,115,136
YOL051W,415,615
YMR135C,290,318
YPL236C,138,160
YHR155W,287,319
YOR045W,463,723
YDR476C,418,544
YEL003W,187,302
YJR112W,106,147
YDL231C,568,576
YBR252W,619,889
YBR225W,124,170
YPL012W,1119,1599
YIL110W,374,474
YMR086W,391,573
YPL183W-A,131,216
YIL158W,167,211
YGL230C,16,21
YOR264W,456,603
YIL069C,784,1273
YJR083C,119,145
YOL159C,106,127
YLR378C,1586,2479
YBR169C,272,395
YNL135C,2583,3965
YAL030W,111,194
YGL147C,9749,12563
YBR263W,1005,1880
YHR160C,51,53
YMR305C,2844,3869
YBL001C,395,657
YBR185C,195,261
YGR177C,345,392
YDR019C,486,628
YNL207W,514,668
YBR150C,187,215
YGR150C,291,317
YJR133W,267,393
YEL065W,2705,3497
YIR042C,30,32
YLR438W,765,1344
YEL055C,864,1219
YER119C,458,565
YGR058W,135,179
YPR193C,16,21
YDR381C-A,29,44
YMR196W,358,422
YBR053C,388,501
YML013W,404,504
YPL077C,61,81
YLL058W,276,351
YDR499W,193,230
YKL068W-A,91,140
YBR082C,1365,2167
YOR210W,276,561
YJL133C-A,117,200
YBL034C,225,319
YMR252C,86,95
YCR101C,26,29
YJR022W,19,39
YOL008W,128,174
YER077C,257,282
YNL224C,309,411
YGL246C,330,400
YBR089C-A,155,230
YCR054C,219,261
YDR045C,232,360
YHR092C,225,304
YPL232W,515,733
YKR083C,45,77
YMR209C,366,429
YEL017W,397,517
YGR252W,352,432
YDL003W,398,510
YDR363W-A,326,585
YJR123W,21525,30566
YDL078C,1029,1397
YGR003W,299,347
YDR517W,729,865
YGL043W,571,818
YOR256C,402,463
YPR011C,178,209
YLL061W,392,488
YDR110W,302,383
YLR061W,7951,11998
YKL214C,162,271
YOL088C,430,574
YDR419W,228,250
YOR361C,3238,4665
YNL097C-B,8,12
YOR185C,221,331
YGL113W,226,239
YKR095W,467,743
YMR223W,208,265
YPL214C,402,446
YGR029W,254,338
YDL199C,73,83
YOR334W,112,138
YPR132W,6661,8928
YLR193C,136,186
YFL034C-A,867,1141
YBL023C,395,543
YNR010W,80,107
YML067C,620,798
YGL078C,800,1257
YJL045W,47,49
YDL133C-A,118,1469
YNL079C,1379,2427
YDR435C,225,267
YJR055W,49,74
YER151C,616,797
YIL098C,83,122
YLR005W,369,494
YPR052C,651,1162
YLL027W,234,312
YJL076W,1040,1412
YOR382W,1115,1740
YOR144C,211,243
YOR253W,605,791
YNL069C,9146,14487
YEL039C,9,19
YCL001W,440,627
YGR198W,837,942
YKL189W,176,222
YPR048W,415,514
YAR007C,804,1145
YLR050C,283,354
YGR010W,244,310
YML064C,194,252
YBL027W,7620,11117
YER055C,2721,3399
YNL307C,1032,1400
YCR016W,243,393
YLL012W,277,365
YCL052C,313,371
YDR067C,150,175
YIL166C,97,103
YMR056C,64,65
YHR167W,119,164
YLR218C,78,105
YLR087C,175,222
YJL044C,508,569
YMR154C,136,150
YCR094W,313,419
YGL186C,728,952
YDR234W,859,1058
YGL131C,221,244
YGR218W,1326,2033
YEL060C,606,924
YKR049C,153,187
YPL145C,1229,1678
YPR179C,221,279
YHR195W,166,196
YGR267C,676,843
YDL149W,101,121
YDL125C,943,1397
YJL149W,341,396
YPR006C,125,169
YML026C,4884,6292
YPL002C,201,226
YGL022W,2415,3163
YML079W,329,500
YJL153C,37,39
YMR049C,881,1475
YDR229W,254,320
YJR075W,939,1160
YPR124W,2275,3105
YLR312C,9,14
YLL029W,1050,1311
YDL181W,40,63
YOR344C,252,390
YGR285C,4767,7664
YPR189W,760,1060
YNL232W,452,609
YDR374W-A,61,88
YER017C,482,585
YBR022W,115,158
YMR214W,646,835
YBR079C,2435,3696
YNR066C,59,61
YER177W,7583,9876
YDR500C,3663,4977
YGL032C,175,325
YMR176W,411,459
YCL063W,187,229
YER048C,704,1055
YEL019C,49,70
YML048W,1188,1658
YNL112W,1624,2861
YLR027C,3074,4364
YBR031W,2299,2996
YDL132W,788,993
YBL064C,393,543
YPL152W,114,158
YOR194C,279,430
YGR245C,891,1177
YNL009W,54,66
YPL119C,54,78
YLR047C,255,282
YDR497C,2107,2509
YDL025C,280,312
YGR229C,878,1121
YLR167W,24286,32432
YMR270C,223,247
YLR293C,3424,6060
YDL147W,1253,1796
YJR053W,84,123
YNL195C,38,44
YFL056C,75,78
YBR104W,369,435
YPL005W,98,106
YJL171C,380,735
YBL091C,1057,1521
YPR072W,774,1038
YOR262W,286,366
YIL041W,1174,1759
YHR061C,113,145
YKL012W,361,405
YNL242W,208,250
YDL167C,502,661
YER082C,523,701
YIL137C,667,967
YOR039W,675,841
YKL069W,249,339
YNL310C,195,291
YNL123W,1180,1599
YMR003W,125,154
YDR372C,656,895
YBR119W,116,156
YPL179W,532,632
YEL056W,404,476
YLR373C,399,489
YKL092C,297,361
YFL016C,551,734
YDR451C,327,424
YDR322C-A,150,250
YJL162C,137,159
YKL198C,443,482
YLR260W,311,384
YDR085C,97,104
YNR075W,85,100
YNL032W,215,284
YPR109W,223,239
YKL152C,49367,71193
YJR035W,160,196
YDR350C,291,303
YDR070C,10,14
YPL126W,1192,1564
YMR129W,955,1217
YKR054C,339,452
YMR001C,552,720
YJL006C,151,201
YPL118W,537,680
YBL082C,545,626
YDL081C,8681,11806
YIR034C,376,540
YMR138W,88,108
YDR165W,997,1265
YGL013C,567,664
YLR191W,164,209
YFL018C,1317,2066
YJR068W,515,660
YJL139C,173,192
YDL178W,522,699
YDR212W,1715,2593
YLR456W,45,64
YHR080C,263,277
YKL163W,40,41
YKR030W,235,302
YDL207W,333,399
YDR334W,590,655
YPL015C,431,491
YHL036W,72,78
YLR375W,614,670
YDR514C,136,179
YMR181C,69,84
YJL066C,163,221
YHR182W,124,161
YDL107W,74,108
YNR029C,322,403
YGR091W,161,201
YBR122C,310,407
YHR001W,479,630
YDR477W,614,874
YJL010C,506,754
YPL134C,140,169
YOL105C,199,208
YBR199W,1046,1266
YOR202W,306,501
YHR033W,139,141
YMR088C,471,554
YJR148W,2613,3807
YBR253W,148,185
YFR029W,213,251
YIL035C,484,628
YIL111W,246,319
YIL159W,197,229
YBR153W,154,173
YJR082C,86,120
YLR346C,43,74
YOL087C,432,503
YJL004C,232,312
YJR106W,172,201
YOR302W,10,25
YJL084C,220,279
YHR154W,556,698
YOL007C,417,549
YPR134W,132,154
YGL146C,47,52
YDR291W,398,443
YHL014C,145,172
YOR052C,224,379
YBR262C,93,165
YMR304W,364,587
YGR041W,401,464
YKL010C,606,777
YMR038C,1204,1683
YPL255W,155,177
YMR289W,273,342
YOL012C,348,605
YPL168W,135,165
YOR128C,952,1260
YAL015C,183,210
YFL036W,412,588
YBR240C,23,26
YDL209C,100,141
YKL045W,423,521
YMR239C,215,254
YIL157C,291,407
YLR273C,112,122
YIL051C,3751,5762
YPL057C,298,366
YNL074C,359,504
YDR365C,868,1154
YPL151C,262,303
YKL007W,563,797
YMR136W,119,144
YFR034C,463,628
YGL206C,1272,3734
YDL225W,391,584
YCL038C,200,242
YHR070W,525,663
YDR460W,177,251
YMR028W,159,203
YOL025W,166,186
YLR364W,81,101
YKL058W,247,399
YKL085W,942,1239
YJR124C,453,558
YNL250W,186,224
YHL047C,1120,1320
YOR360C,520,590
YOR227W,430,484
YHL018W,27,44
YOL089C,281,339
YDR416W,320,365
YPR116W,17,42
YGL129C,336,435
YLL026W,2215,3698
YHR023W,463,625
YOL065C,174,222
YGL251C,159,168
YLL019C,221,262
YKL217W,97,99
YBL022C,1374,1887
YGL164C,162,199
YER156C,779,1096
YDR125C,66,72
YGR013W,249,293
YML103C,1014,1285
YEL038W,425,524
YCL014W,266,441
YLR460C,50,56
YGL172W,722,959
YCL002C,323,344
YGL108C,71,109
YPL040C,260,298
YKL151C,305,360
YLR051C,136,234
YDR388W,1151,1680
YGR199W,716,867
YGL198W,596,761
YLR004C,71,84
YLR306W,62,81
YOL147C,206,294
YNL280C,1023,1262
YDR007W,408,517
YOR284W,117,128
YGL220W,404,572
YPR089W,518,639
YBR233W,166,241
YPL122C,296,344
YMR295C,798,1228
YOR328W,249,252
YGR082W,459,673
YMR291W,162,315
YKL113C,470,599
YKL104C,1544,2211
YHR012W,358,480
YDR436W,226,256
YHL027W,592,741
YPL189W,27,33
YKL116C,317,361
YHL011C,1301,1722
YLR285W,424,607
YGR119C,779,1105
YOR267C,344,481
YGR035C,69,116
YDR181C,211,243
YOL127W,10555,17456
YHR039C-A,658,1475
YNL095C,306,349
YLR326W,75,106
YGL179C,126,154
YAL020C,254,284
YPL048W,2003,3167
YBR275C,459,553
YDR539W,431,539
YBL013W,47,70
YLR267W,85,96
YMR212C,738,903
YBR025C,3568,5974
YML001W,896,1259
YLL028W,273,420
YOR187W,1729,2366
YER016W,395,514
YDR501W,135,165
YGR286C,251,323
YOR100C,11,13
YCR037C,634,684
YHR004C,259,284
YMR217W,4623,6758
YKL128C,548,766
YGL035C,272,409
YMR039C,224,329
YER170W,128,174
YPL096C-A,67,81
YCR024C-A,434,1798
YKL222C,171,175
YML058W-A,42,57
YPR201W,57,64
YDR494W,265,324
YLR026C,217,352
YKR086W,351,398
YGL026C,2167,3882
YDL131W,522,732
YHR008C,694,1117
YMR277W,617,729
YPL242C,576,688
YPR027C,97,98
YKR036C,310,345
YBR067C,1771,2452
YPL172C,209,225
YCR068W,186,223
YLL004W,280,319
YER049W,1187,1559
YGL125W,166,208
YML009C,130,246
YPL064C,218,248
YOR275C,359,406
YPR172W,223,352
YDL033C,166,180
YMR255W,134,200
YGL068W,630,882
YNL006W,415,493
YLR028C,2077,2637
YBR081C,356,448
YGL247W,102,122
YER116C,127,156
YML012W,1667,2144
YER056C-A,2811,4661
YDR028C,886,1153
YNL010W,1886,2742
YML050W,73,84
YOR217W,750,968
YBL035C,413,555
YPL010W,1030,1363
YCR057C,863,1176
YNL206C,410,505
YOR040W,111,140
YHR105W,63,84
YLR060W,3266,4697
YKL096W-A,5018,8521
YDR516C,636,894
YHR035W,81,91
YER076C,86,94
YIL063C,323,524
YPR140W,245,296
YGR251W,101,145
YLL060C,97,101
YNL259C,306,415
YPR047W,154,171
YIL122W,48,65
YKL219W,288,338
YML091C,215,258
YBR049C,490,822
YDR044W,506,754
YLR446W,175,190
YJR005C-A,5,10
YEL016C,300,321
YKL078W,312,380
YDL002C,148,210
YPR148C,751,976
YDR354W,553,689
YJR032W,225,352
YOR037W,139,170
YIR037W,635,993
YDR071C,933,1377
YDR162C,128,195
YMR134W,197,249
YGL012W,3160,4094
YPL066W,426,444
YOR093C,410,480
YOL057W,859,1089
YJL101C,799,967
YOR035C,262,331
YBL069W,301,412
YFR004W,816,1264
YIL107C,177,228
YDR353W,2962,4417
YMR139W,328,390
YHR009C,772,901
YDL080C,291,314
YJL049W,61,102
YHR183W,4678,7953
YDL085C-A,82,157
YDR017C,633,758
YOR129C,192,216
YDR213W,404,487
YML085C,1268,1952
YOL080C,185,260
YPR167C,63,83
YML087C,31,38
YDL206W,156,170
YHR060W,152,221
YBR010W,2953,4228
YER094C,1106,1500
YIL022W,678,898
YDL104C,84,104
YGR208W,575,792
YNL024C,39,48
YPL053C,641,836
YKL119C,216,299
YLR212C,412,507
YHR042W,1699,2384
YCR075C,251,287
YER101C,106,150
YMR155W,225,257
YKR079C,499,588
YNL248C,899,1348
YDR171W,240,322
YLR086W,387,490
YGR105W,255,423
YDR066C,101,117
YCR020C,72,74
YER054C,35,39
YOR059C,343,380
YLR151C,55,80
YOR025W,417,515
YML030W,151,243
YCL051W,176,211
YML065W,407,505
YOR190W,87,89
YCR097W,153,211
YER001W,646,864
YDR235W,361,396
YGL194C-A,83,102
YER038C,129,141
YBL074C,92,110
YDR275W,152,159
YGL023C,398,515
YHR049W,705,928
YEL061C,233,319
YBR007C,246,299
YLR175W,3447,4922
YDL126C,5042,9092
YDR228C,312,385
YHR194W,227,240
YGR288W,114,123
YOR295W,87,113
YOR340C,599,864
YMR260C,1155,2244
YGR264C,2776,3933
YNL110C,373,634
YJL038C,17,23
YML078W,672,1265
YLR142W,60,70
YOR158W,230,342
YIL156W-B,147,234
YLR152C,215,229
YDL208W,1114,1572
YIR018W,216,254
YPL074W,346,401
YIL129C,548,728
YKL046C,1165,1474
YBR145W,191,221
YDR339C,286,397
YAL014C,251,328
YFL037W,2769,3855
YHL022C,28,30
YOR075W,147,212
YCR020W-B,45,75
YHR161C,432,505
YBR243C,498,619
YNL199C,426,520
YDL224C,512,651
YDR366C,1422,1445
YLR181C,229,320
YLR225C,308,418
YDR524C-B,10789,17003
YGL207W,1686,2662
YFR035C,82,108
YNL111C,247,433
YPL058C,531,712
YLR454W,526,636
YGR134W,388,442
YCR073C,286,313
YLR270W,271,425
YGL070C,217,349
YOL103W,684,762
YHR071W,481,518
YGR169C,109,142
YLR309C,293,425
YPR086W,581,764
YKL086W,24,32
YJR125C,645,917
YIL068C,352,410
YMR060C,173,257
YNL189W,1715,2555
YDR153C,344,485
YJL065C,254,302
YPL127C,603,923
YGR120C,185,215
YJR003C,338,379
YNR034W,119,229
YJL170C,93,138
YDL144C,374,462
YFL028C,278,366
YJR078W,22,33
YMR186W,17952,25774
YBR105C,153,188
YGR249W,13,14
YMR016C,430,519
YKR020W,61,104
YMR202W,2330,2896
YDR371W,281,324
YDR456W,723,896
YDR308C,103,143
YLR372W,2901,3652
YNL062C,616,771
YMR004W,302,413
YER083C,471,646
YHR050W,560,691
YBR118W,1624,4759
YDR324C,862,1150
YLR389C,579,782
YJL072C,154,191
YHR172W,214,265
YOR112W,474,564
YFL017C,250,362
YDL168W,756,1303
YDR262W,258,329
YIL134W,171,196
YJL163C,120,146
YNL175C,715,1149
YGR173W,587,901
YDL240W,286,334
YBR234C,892,1356
YOR061W,580,792
YOR356W,443,581
YFR013W,509,591
YBR261C,351,513
YAR027W,342,412
YNL326C,171,204
YHR013C,359,608
YOR133W,246,723
YGR083C,802,1168
YOL040C,7484,14391
YKR077W,230,272
YGL045W,110,127
YCL035C,364,666
YHL026C,81,90
YOR308C,135,186
YOL146W,145,203
YML121W,310,357
YGL221C,872,1102
YHR144C,247,323
YDR006C,462,562
YGR034W,7421,10224
YBR229C,696,887
YMR100W,216,266
YPR084W,218,237
YDR190C,1051,1556
YNL290W,481,642
YBL010C,138,182
YJR100C,217,246
YDR139C,114,216
YOR372C,220,302
YBR276C,822,854
YJR147W,510,535
YMR314W,1275,1707
YKR017C,119,138
YOR254C,2005,2583
YAL021C,508,795
YNL247W,1900,2738
YHR140W,48,54
YHR128W,1166,1693
YDR538W,173,211
YOR316C,605,736
YCL011C,1719,2124
YMR184W,185,252
YBR123C,307,392
YIL112W,392,500
YBR198C,652,839
YML049C,574,698
YLR241W,572,677
YGR090W,1245,1597
YDL233W,162,217
YFR028C,732,863
YMR204C,87,108
YNR047W,158,266
YOR147W,255,292
YNL071W,3911,5228
YNL132W,1103,1714
YDR470C,223,290
YBR029C,636,844
YMR024W,342,449
YIL043C,2710,3317
YHR153C,41,46
YDR386W,176,209
YOR042W,518,757
YGL141W,354,417
YMR124W,280,366
YKR089C,625,753
YBR152W,46,70
YJL087C,173,349
YLR347C,827,1407
YOR244W,208,258
YDR292C,910,1134
YJR107W,133,134
YNL157W,278,356
YPR063C,354,580
YKR072C,431,589
YOR131C,239,297
YBR218C,1066,1520
YAL036C,1103,1553
YCL028W,639,1195
YML120C,254,326
YGL174W,70,94
YHR106W,282,321
YLR172C,768,1180
YKR103W,94,95
YPL162C,193,229
YOL164W,309,317
YNL164C,190,227
YHR208W,3210,4327
YNL211C,28,39
YDL065C,166,324
YPR174C,155,198
YEL057C,21,22
YDL156W,129,169
YMR167W,252,289
YBL036C,541,738
YOR249C,199,224
YBR296C,203,302
YBR080C,758,1288
YPR191W,396,616
YJL020C,661,1191
YER137C,31,45
YDL030W,241,285
YER117W,7136,9573
YDR027C,405,474
YDL049C,27,34
YHR068W,2368,3396
YER071C,76,114
YNL272C,439,531
YBR048W,4327,5629
YKL218C,138,172
YKR081C,579,980
YEL011W,218,254
YGR001C,510,707
YDL001W,195,241
YBL107C,174,217
YLR067C,181,205
YHR051W,275,457
YOL013C,358,409
YJL183W,967,1171
YLL063C,129,139
YGR250C,271,344
YDR515W,160,216
YPR033C,2225,3316
YGR149W,208,242
YOR201C,351,395
YOR276W,1020,1757
YMR309C,1699,2550
YGL250W,68,79
YBL059C-A,86,154
YIL065C,177,258
YNL302C,6869,9245
YOR089C,297,474
YOL031C,265,348
YHR119W,526,586
YHL019C,264,298
YHR076W,356,493
YMR180C,172,183
YGL163C,296,339
YOR336W,407,545
YOR386W,110,147
YJR094W-A,4052,6182
YKL216W,2415,3435
YML021C,232,311
YGR012W,292,375
YBL021C,87,122
YHR215W,245,266
YPL090C,1780,2269
YHL004W,516,633
YLL045C,7604,11214
YGR124W,4836,7018
YJL205C,33,66
YLR007W,269,302
YPL252C,333,456
YLR139C,166,208
YML102W,437,506
YPL154C,2770,3878
YER157W,458,527
YOL022C,637,825
YJL047C-A,5,15
YGR270W,734,900
YEL037C,1063,1731
YDR437W,51,63
YKL019W,608,699
YMR054W,679,899
YDR065W,101,117
YBL059W,57,80
YDL027C,228,250
YER053C,130,148
YNL305C,453,567
YPL051W,74,108
YJR121W,2919,4329
YLL014W,335,469
YCL050C,1294,1994
YGR047C,284,389
YCR021C,46,54
YDR049W,276,349
YJL148W,598,852
YPL153C,147,213
YER100W,290,522
YFR040W,431,540
YKR078W,127,158
YPR079W,206,266
YGL008C,23323,45397
YJL026W,1489,2557
YLR412W,297,327
YER002W,239,507
YDR170C,1359,2188
YPL101W,485,634
YDL127W,194,240
YDR272W,399,610
YMR006C,848,1151
YGR289C,66,67
YOR159C,100,156
YML020W,150,189
YGL020C,434,572
YOR160W,480,604
YGL133W,418,472
YOR294W,259,543
YEL062W,210,238
YMR261C,780,1121
YHR202W,128,153
YDR100W,281,409
YJL039C,1059,1416
YBR006W,171,224
YLR038C,142,243
YPL245W,371,437
YOR038C,351,453
YNL096C,3045,4614
YLR187W,80,193
YNL212W,561,768
YDR387C,278,297
YDR038C,39,46
YGR287C,86,95
YER015W,120,130
YLR353W,296,319
YML006C,288,321
YCL061C,171,263
YDR439W,108,125
YNL148C,137,173
YNL253W,210,251
YBR024W,121,148
YDR502C,1372,2058
YGR065C,539,622
YER062C,567,830
YLR125W,26,32
YER171W,493,592
YDL047W,408,559
YGR247W,176,210
YDR101C,919,1265
YML046W,422,485
YGL124C,250,289
YOR080W,283,299
YLR070C,65,74
YDL130W,4284,7637
YPR166C,215,352
YMR276W,1857,2789
YPL116W,333,394
YDL160C-A,67,110
YLR165C,55,63
YLR025W,260,421
YCR069W,628,778
YOL030W,1387,1970
YLR049C,471,591
YDR495C,248,312
YKL146W,620,760
YNL190W,1040,1625
YLR016C,201,232
YGL027C,903,1280
YDR341C,2626,3919
YJL013C,177,208
YJL173C,282,432
YPL068C,123,146
YPR169W,734,857
YNL090W,323,412
YHR199C,570,637
YEL054C,5129,8190
YDL090C,284,326
YGR101W,292,354
YFL054C,118,126
YMR061W,606,704
YJL128C,553,694
YJR002W,806,1036
YDL145C,2589,3824
YER019C-A,922,1281
YBL097W,151,206
YIL076W,1106,1367
YDR309C,492,741
YBR126W-A,630,943
YKR021W,326,354
YDR398W,830,1078
YHR209W,79,100
YFL014W,26,63
YDR457W,821,1404
YLR386W,471,583
YIL135C,360,448
YKL008C,1008,1286
YKL067W,748,1199
YLR185W,3548,5777
YKL090W,159,178
YDL169C,21,27
YDR370C,309,346
YPR107C,132,176
YLR262C,205,340
YOR207C,988,1289
YNL121C,1173,1825
YDR087C,447,614
YMR294W,80,97
YDR265W,219,235
YER136W,1220,1717
YPL175W,197,238
YNR008W,382,576
YLR092W,170,175
YJL166W,233,453
YDR072C,761,886
YER044C,338,422
YMR072W,865,1319
YLR248W,762,1056
YGR225W,11,15
YJL102W,125,149
YKL105C,247,320
YMR160W,213,259
YKL075C,212,252
YJR033C,341,430
YDL087C,66,99
YBL068W,573,743
YGL011C,974,1489
YMR225C,85,164
YDR352W,334,414
YKL129C,265,405
YDR163W,69,107
YML051W,469,496
YDR238C,2162,3014
YOR173W,53,62
YHR184W,21,29
YDL105W,131,152
YMR122W-A,1568,2658
YCR098C,42,43
YPL026C,166,192
YFR031C-A,6796,8584
YDR243C,184,233
YHR082C,506,693
YGR209C,2692,3878
YML068W,149,161
YGR109W-B,78,87
YPR168W,58,87
YJL048C,121,143
YPR113W,1432,1831
YLR213C,141,158
YKL161C,91,93
YJR150C,20,22
YNL085W,1385,1855
YBR251W,215,296
YKL041W,176,251
YIL113W,59,68
YJL110C,322,400
YIR008C,339,416
YLR240W,257,308
YGR093W,326,401
YPL078C,855,1160
YIL040W,179,251
YDR471W,2868,4627
YGR135W,1452,1916
YPL217C,802,1211
YKL144C,291,366
YDL234C,266,317
YHR003C,400,498
YAL051W,388,462
YDR036C,488,603
YOR221C,274,330
YAL019W,568,757
YKL138C-A,60,102
YLR344W,3083,4376
YLR449W,1011,1511
YNL136W,124,156
YKL049C,106,176
YDR293C,839,1170
YBR155W,267,480
YBL002W,2150,3365
YNR038W,503,648
YMR094W,93,105
YNL080C,372,419
YDR376W,334,392
YCL029C,202,256
YLR195C,744,979
YHR152W,182,299
YGR169C-A,82,204
YBR188C,92,140
YMR197C,195,296
YNL316C,183,224
YOL067C,101,154
YLR239C,139,177
YPL171C,8,13
YGR028W,284,321
YAL017W,515,623
YJR024C,571,714
YFL038C,1451,2223
YBR242W,240,324
YLR083C,1420,1912
YNL029C,202,214
YBR142W,613,819
YOR231W,462,520
YIL037C,99,102
YNR013C,923,1200
YHR166C,207,242
YGR175C,1716,3237
YJR131W,263,404
YIR017C,53,64
YDR338C,285,339
YIL128W,499,615
YNL127W,218,269
YBR108W,190,274
YJR137C,607,768
YNR012W,395,465
YGL097W,995,1387
YHR073W,640,724
YOR261C,1284,1705
YJL151C,803,1068
YIL010W,238,404
YKL087C,132,194
YNL076W,311,382
YDR367W,316,383
YHR072W,901,1029
YGR168C,173,180
YBR173C,362,537
YGL204C,66,94
YOL018C,205,300
YDR012W,1124,1433
YHR045W,515,585
YHR021C,5949,9124
YGL253W,9420,14358
YPR004C,730,978
YPR178W,167,216
YHL032C,340,347
YAR002C-A,1288,1703
YIL088C,738,866
YGL162W,89,111
YOL152W,432,514
YMR183C,581,998
YOL059W,1090,1544
YDR414C,282,322
YLR138W,687,832
YOR337W,324,364
YOR315W,367,510
YMR010W,459,554
YML101C,123,179
YHR118C,151,187
YPR094W,62,95
YNL081C,146,243
YGL059W,126,138
YMR074C,622,867
YGL075C,126,145
YKR092C,1313,1901
YOR330C,452,537
YPL253C,224,265
YBL020W,460,533
YGR203W,142,197
YHL003C,1393,1688
YER154W,614,716
YDR422C,416,487
YDR034C-A,209,234
YEL036C,806,945
YBR260C,370,449
YHR010W,9656,13677
YDR400W,327,431
YJR104C,5955,9610
YER180C-A,34,58
YFR043C,113,149
YPL259C,302,371
YAL042W,2070,2552
YHR204W,621,664
YAL035W,2858,5196
YOL041C,547,878
YGR153W,61,70
YFR038W,516,596
YBR235W,436,509
YDR001C,582,760
YIL162W,470,619
YNR061C,356,471
YKR080W,582,752
YGR080W,337,488
YOL109W,2370,5074
YBL011W,696,803
YOR043W,671,766
YBR195C,266,309
YDR183W,99,141
YGL222C,146,195
YDR138W,325,389
YGR122W,172,204
YER060W-A,66,67
YOR317W,1025,1545
YBR255C-A,47,73
YML043C,138,158
YGR033C,384,475
YAL022C,743,862
YJR144W,380,576
YMR315W,823,1230
YLR328W,522,693
YBR228W,109,130
YGL153W,163,242
YOR383C,2028,2777
YJR039W,151,175
YGR046W,187,215
YDR384C,832,1266
YLR039C,381,430
YML007W,766,962
YOL017W,190,226
YER063W,410,633
YBR090C,8,18
YER014W,192,234
YMR171C,438,495
YGL057C,87,114
YNR021W,1381,1827
YER172C,542,736
YNL180C,293,396
YCR042C,566,692
YNL213C,94,118
YCR035C,454,581
YLR105C,223,250
YDL159W-A,1,2
YDL046W,622,872
YLR162W,2,30957
YDR503C,191,232
YGL037C,1010,1442
YBR058C,594,780
YLR048W,7578,11905
YDR492W,246,326
YLR024C,229,281
YLR071C,548,674
YGR240C,5265,11083
YPL228W,279,436
YEL058W,1418,1799
YMR259C,622,754
YKL024C,628,965
YMR148W,97,116
YBR061C,379,499
YHL007C,612,835
YOR145C,802,1107
YFL034C-B,192,271
YLR399C,1010,1309
YMR121C,270,377
YPR025C,191,244
YBR297W,55,66
YBR087W,416,515
YLR006C,324,357
YDR330W,233,330
YER149C,237,278
YBL037W,320,408
YER114C,514,800
YOR375C,3136,4285
YPR190C,565,674
YLR075W,25853,39429
YOR306C,536,583
YHR107C,428,693
YAR002W,631,884
YHR127W,194,299
YOR153W,13468,18512
YGL175C,36,45
YMR237W,762,1067
YDL048C,69,75
YDL064W,316,492
YDL031W,780,1199
YMR257C,157,166
YDR026C,250,294
YMR272C,709,1031
YLR066W,362,507
YBR047W,69,82
YDR046C,1296,1646
YEL029C,253,301
YMR228W,166,205
YMR125W,1200,1545
YMR092C,1292,1809
YGL245W,4337,7795
YNL273W,377,435
YCR051W,539,786
YER070W,3362,4395
YPL219W,104,143
YPL262W,1282,1765
YGR006W,81,112
YMR002W,1278,2024
YGR079W,338,423
YDL119C,120,143
YOR312C,6709,8237
YDR160W,225,238
YPL020C,163,214
YNR053C,1008,1339
YKR057W,3954,5653
YER045C,106,124
YKL039W,832,1209
YBR056W-A,18,29
YNL040W,382,444
YGR222W,240,263
YDL086W,675,913
YCL040W,2007,2597
YBL091C-A,108,142
YOL092W,910,1203
YLR422W,334,397
YPR115W,484,549
YMR199W,462,547
YLR093C,417,531
YMR044W,302,424
YDR073W,142,168
YLR361C-A,60,111
YJR065C,1301,1790
YNL042W,92,99
YJR030C,350,396
YNL063W,192,218
YKR093W,574,1342
YNL308C,680,1039
YGL180W,62,93
YOL064C,611,836
YOR022C,163,199
YOR198C,1283,2732
YJL001W,1016,1461
YHR058C,189,236
YDR239C,263,330
YJR049C,462,581
YHR216W,409,543
YGL010W,107,135
YML069W,985,1434
YKR019C,145,165
YOR324C,226,267
YMR026C,267,293
YHR085W,244,299
YIL089W,44,56
YPL174C,187,197
YGR279C,4215,6929
YOR172W,171,194
YMR019W,413,462
YDR064W,7746,14483
YMR275C,428,556
YBL056W,1468,1813
YLR324W,337,431
YER052C,811,1171
YLR427W,455,530
YNL260C,131,179
YLL015W,650,786
YMR053C,84,90
YPL061W,5028,10595
YJL138C,779,1128
YMR089C,795,970
YER003C,1709,2628
YER103W,278,346
YPL115C,395,478
YGR172C,700,900
YDR173C,123,156
YGL254W,118,154
YCL057W,1261,1580
YJL025W,160,177
YLR413W,2401,3580
YBR072W,133,206
YBR005W,109,139
YDL120W,304,466
YMR262W,247,272
YDR273W,47,49
YJL165C,514,654
YGR231C,990,1299
YEL063C,585,860
YBL076C,4751,7577
YMR113W,232,287
YPR097W,650,786
YGL134W,186,200
YDR326C,606,743
YLR128W,98,121
YKR068C,229,348
YOR099W,1423,1935
YLR387C,605,866
YGL021W,512,608
YPR032W,242,357
YDL173W,242,426
YHR050W-A,34,37
YBR143C,3062,4149
YJR047C,118,171
YDR086C,603,1194
YHR072W-A,546,916
YOR346W,481,558
YJR130C,267,294
YJL062W-A,251,379
YML023C,364,382
YAL016W,1208,1715
YFL039C,10086,17046
YPR112C,698,1042
YJL134W,450,553
YJL161W,27,36
YOR278W,174,207
YDR449C,346,454
YIL097W,97,112
YCL049C,209,235
YNR039C,281,332
YLR367W,1437,2061
YLR227C,243,249
YKL080W,2628,3386
YPL131W,12519,22133
YIL052C,5026,7690
YKL186C,329,408
YGL096W,76,81
YOR292C,125,153
YOR127W,557,628
YNL077W,157,196
YMR311C,243,427
YBR109C,1064,1762
YBR172C,501,644
YDR346C,1560,2018
YJL172W,1570,2235
YDR151C,342,426
YBL078C,25,65
YHR083W,559,660
YNL222W,167,235
YGR095C,282,360
YMR163C,219,230
YPL086C,691,950
YOR301W,485,559
YFR039C,400,473
YKR042W,7308,10604
YKL160W,520,763
YOL077W-A,101,194
YPL029W,269,296
YHR146W,417,1006
YDL091C,138,160
YDL142C,178,207
YJL088W,53,57
YMR066W,144,169
YHR198C,229,252
YJR001W,1064,1319
YGL196W,402,488
YKL126W,915,1175
YJL129C,530,568
YLR209C,336,444
YHR158C,280,482
YPR153W,33,46
YJL209W,220,236
YDR264C,1991,2421
YDR306C,285,321
YKL064W,478,610
YLR265C,234,252
YKR022C,165,192
YNL035C,395,499
YLR287C,392,513
YPL016W,296,448
YJL074C,348,532
YLR370C,558,792
YNL177C,293,425
YKL162C,35,46
YOR114W,57,66
YDR454C,1796,2700
YIL009W,709,879
YLR250W,648,897
YAL034C,72,78
YNL327W,3205,4102
YKL122C,359,502
YHR011W,107,120
YDR403W,25,30
YAL043C,724,852
YOL093W,270,396
YIL078W,7272,11017
YOL042W,138,179
YPL237W,2110,3012
YBL058W,1067,1665
YBR236C,455,570
YPL125W,637,775
YBR189W,12992,17247
YCL037C,320,1353
YHL020C,342,410
YGR081C,187,302
YDR289C,176,262
YOR054C,193,245
YPL230W,64,72
YFR042W,213,267
YLR305C,831,1006
YOR063W,35785,52812
YNL187W,115,117
YGL223C,414,467
YOR036W,144,186
YBL016W,407,497
YML131W,305,431
YGR032W,491,638
YML003W,50,54
YGL150C,670,835
YLR170C,150,241
YGR125W,383,513
YJR145C,5711,6815
YNL292W,268,408
YCR019W,170,188
YBR194W,61,89
YDR423C,248,318
YOR354C,652,754
YOL108C,50,68
YJL092W,353,386
YIL039W,938,1187
YMR316W,87,103
YLR329W,18,20
YAL023C,3198,4193
YGR027C,8931,12012
YGR132C,808,1091
YIL138C,336,584
YDR109C,200,237
YJR127C,377,429
YNR071C,24,27
YGR145W,639,918
YGR092W,323,426
YBR256C,582,680
YKL002W,334,439
YDR328C,906,1275
YLR247C,579,649
YJR090C,432,514
YDL235C,303,392
YOR057W,406,496
YIR009W,52,80
YGL081W,19,26
YPR085C,193,199
YLR345W,192,255
YKL073W,731,1001
YLR448W,2665,5562
YGR103W,1961,2675
YNL130C,973,1262
YPL141C,270,329
YHR151C,212,237
YDR311W,312,399
YHR002W,95,106
YDR472W,277,338
YGR057C,161,171
YLR197W,3551,5304
YNL100W,202,278
YLR078C,376,445
YBR154C,782,1138
YBR216C,347,424
YNL245C,189,224
YGL143C,164,207
YMR267W,269,323
YLR001C,329,381
YLR126C,329,396
YOR304C-A,38,64
YMR318C,2259,3336
YGR181W,255,411
YBR062C,168,219
YHR108W,1159,1684
YOR349W,245,264
YDL067C,175,337
YDR025W,4210,5789
YGL176C,210,217
YBL071W-A,196,263
YDR135C,1290,1843
YAR003W,291,333
YHR124W,144,153
YBL030C,1463,2645
YMR256C,107,196
YPL229W,55,82
YMR236W,441,640
YNL304W,156,200
YCL054W,446,829
YGL242C,331,539
YNL270C,44,47
YHL015W,11158,15950
YMR240C,180,221
YOL011W,418,458
YIL087C,88,119
YJL206C,140,146
YLL054C,230,253
YLR443W,205,229
YLL013C,658,883
YNR024W,93,152
YMR192W,281,368
YGR078C,253,420
YOR104W,62,97
YML074C,1819,2727
YOR141C,464,658
YER073W,1647,2074
YMR229C,1634,3382
YKR062W,307,492
YLL038C,135,174
YBR046C,260,399
YOL124C,472,606
YDR013W,169,217
YOR027W,2505,5259
YPR125W,272,375
YNR040W,151,203
YOR086C,886,1344
YIL067C,282,331
YNL051W,249,304
YHL033C,3615,5359
YOR270C,3956,5257
YPR069C,1853,2834
YPL195W,704,881
YHR020W,2933,4716
YOL068C,623,655
YGL252C,672,827
YMR194C-B,42,49
YBR201W,124,146
YOR287C,53,109
YBR238C,101,187
YDR415C,199,273
YGL161C,611,758
YPR051W,203,329
YIR026C,480,626
YER155C,1154,1502
YKL047W,327,397
YGL058W,245,418
YHL002W,370,494
YPR009W,184,194
YNL263C,647,853
YML027W,346,422
YKR099W,269,312
YLR033W,289,396
YMR149W,1259,1608
YPL001W,233,308
YDR128W,495,545
YMR274C,141,173
YER051W,156,180
YER004W,678,953
YGL119W,232,280
YER028C,142,162
YMR052W,62,78
YCR072C,468,676
YKR016W,292,364
YMR158W,138,220
YLR114C,595,693
YHR044C,25,35
YMR203W,1145,1938
YLL036C,368,444
YCR023C,483,536
YDR519W,429,597
YGR278W,154,186
YDL029W,1551,2027
YER102W,2121,3069
YKR076W,75,102
YKL141W,411,577
YBL057C,395,475
YBR073W,758,905
YLR034C,875,1230
YPL004C,1695,2571
YER019W,594,685
YBR028C,289,355
YDR225W,2860,3782
YMR263W,118,182
YDR270W,472,635
Q0160,8,9
YDR172W,2096,3476
YDL121C,449,620
YMR299C,164,176
YBR078W,8640,13899
YBR211C,193,227
YLR129W,1058,1373
YGR230W,55,76
YPR199C,186,217
YPR120C,272,327
YPR062W,1095,1650
YBL041W,1274,1823
YMR097C,203,240
YDR528W,234,281
YDL058W,330,630
YER173W,253,263
YPR056W,275,329
YLR150W,9677,16042
YBR026C,448,619
YMR172W,280,312
YNL214W,104,132
YCR034W,1691,2265
YER060W,323,373
YBR091C,131,182
YPR180W,259,381
YOR161C,391,464
YEL013W,676,1061
YDL007W,1536,2128
YPR083W,175,200
YNL094W,466,497
YGL056C,546,652
YDR385W,448,1400
YOR280C,191,254
YDR480W,189,238
YML004C,944,1352
YCR043C,279,410
YGR067C,43,45
YOR289W,64,83
YPL227C,550,661
YDL010W,156,213
YLR325C,5583,9007
YLL009C,95,197
YBR059C,395,572
YML019W,549,653
YJL146W,238,286
YDR493W,116,167
YDL045C,191,250
YGR241C,335,437
YGL036W,580,624
YPL247C,150,186
YBR071W,200,284
YJL207C,684,818
YDL198C,433,561
YDR103W,344,434
YLR072W,401,480
YKL167C,142,199
YPL159C,100,162
YOR181W,348,461
YGR212W,100,105
YOR125C,211,273
YBL095W,165,177
YDL092W,302,452
YKR043C,1224,1830
YER053C-A,10,13
YLR166C,447,545
YMR067C,258,355
YJL011C,130,194
YDL143W,2312,3095
YKL138C,220,314
YBL079W,849,1019
YNL056W,288,335
YPL093W,1508,1980
YDR347W,475,568
YFL001W,253,315
YDR150W,520,817
YMR099C,1217,1784
YPL084W,534,673
YER086W,1909,2452
YGL197W,423,507
YDR207C,365,436
YLR052W,233,298
YKL125W,422,529
YLR264W,2960,4480
YKL170W,133,231
YKR023W,134,192
YNL036W,469,615
YOR115C,324,385
YFL012W,6,9
YKL038W,272,313
YPR157W,43,52
YJR025C,239,403
YLR208W,1171,1783
YDR267C,318,404
YLR286C,6976,9645
YNL016W,1382,2853
YDR496C,813,1169
YLR384C,1077,1702
YDR307W,384,495
YPL071C,102,117
YPR019W,508,679
YML099C,437,453
YOR162C,280,340
YLR421C,510,797
YMR145C,1107,1501
YDR161W,792,1017
YLR090W,368,451
YBR102C,335,431
YJR064W,2658,3551
YGL128C,99,120
YOR285W,1060,1523
YJL002C,2316,2833
YML022W,1415,1897
YCR065W,500,632
YNL159C,247,295
YER046W,68,88
YJR031C,511,618
YPR159W,1529,2073
YGR223C,259,301
YDR074W,810,1117
YPR143W,235,367
YPL079W,7894,9364
YNL277W,303,338
YHR059W,71,123
YPR075C,525,631
YBR013C,54,69
YMR087W,113,141
YPL248C,184,186
YDL085W,41,44
YIL146C,114,130
YFL049W,290,360
YPR184W,134,172
YKR018C,866,1212
YNL309W,180,247
YER099C,333,457
YDL150W,344,476
YJR048W,124,263
YHR186C,554,638
YHR084W,445,560
YNL038W,229,254
YKL003C,182,266
YAL053W,743,977
YNL149C,532,819
YGL095C,422,478
YBR257W,122,155
YHR001W-A,57,115
YJR132W,632,835
YIL139C,110,122
YGR246C,333,432
YJL100W,212,228
YOR205C,282,309
YDL216C,106,122
YIL079C,229,298
YHR069C,459,578
YDR329C,338,382
YGR142W,190,244
YFR025C,363,430
YHR065C,621,834
YOR017W,202,245
YGL249W,78,80
YBR137W,218,348
YDR473C,81,123
YPL169C,671,849
YKL192C,475,1071
YGL082W,358,484
YDR310C,544,635
YPL146C,260,488
YKL072W,208,261
YPL139C,175,244
YBR217W,96,114
YGR178C,1403,1954
YPR098C,165,231
YNL001W,339,468
YDL236W,835,1189
YJL080C,2243,5238
YIL046W,471,521
YGR174C,61,86
YGL142C,359,411
YFR009W,1505,2055
YKR096W,319,391
YGR179C,137,185
YMR182C,76,79
YGR102C,114,164
YDR081C,382,465
YJL137C,120,158
YCL009C,1817,2507
YKL065C,679,862
YBR139W,407,594
YBR115C,969,1644
YBR140C,627,769
YDR448W,395,461
YJR111C,125,153
YJR046W,599,679
YHR188C,1039,1272
YDL005C,322,397
YOR305W,196,211
YLR315W,42,60
YFL023W,296,430
YJL127C-B,89,98
YOR184W,2008,2837
YLR360W,273,292
YPL189C-A,44,73
YER087C-B,338,677
YKL081W,8489,13737
YDR092W,421,617
YNL139C,315,515
YPL108W,44,78
YDR361C,594,778
YPL164C,169,180
YBR171W,367,587
YNL005C,432,603
YMR162C,448,528
YGL090W,109,125
YJL157C,847,1064
YHR206W,365,464
YMR170C,123,139
YKL181W,2758,3371
YDL229W,8631,12423
YBR093C,972,1140
YOL032W,113,164
YML063W,12757,18760
YHR027C,2455,3832
YPR139C,301,385
YGL255W,228,280
YFR007W,118,148
YJL180C,129,177
YKR090W,403,498
YLR333C,2978,4320
YNL026W,421,513
YOL075C,198,230
YHL030W,659,1026
YBR200W,359,458
YNL262W,686,897
YAR028W,195,252
YDR079C-A,81,114
YML107C,194,224
YNL092W,38,45
YGL077C,826,1114
YPL204W,715,961
YNL133C,32,47
YKR098C,132,140
YOL069W,215,243
YKL184W,765,1206
YDR412W,204,339
YDR129C,1783,2998
YOR352W,125,177
YLR359W,2897,3813
YOR091W,486,879
YKR101W,142,168
YGR026W,549,824
YNL129W,180,267
YML125C,1241,1639
YAL040C,227,281
YLR251W,90,100
YDR288W,197,223
YBR157C,169,206
YCL036W,385,417
YFR041C,243,307
YIL050W,185,250
YOR355W,787,1021
YPR127W,327,386
YGR086C,2218,3664
YPL111W,931,1449
YOR077W,51,86
YOL143C,1171,1796
YIL006W,72,85
YAL034W-A,72,90
YNL233W,356,453
YBR237W,273,317
YHL023C,364,410
YGL151W,568,676
YBR197C,135,165
YGR075C,229,241
YOR329C,386,460
YJR091C,454,599
YGR031W,165,197
YPR105C,657,729
YJL204C,239,322
YOL020W,879,1056
YBR271W,267,320
YNL231C,669,1019
YDR003W,183,231
YBL017C,910,1471
YNL244C,1251,1930
YNR027W,245,283
YPL094C,869,1169
YAL024C,209,258
YOR348C,23,27
YJR142W,278,375
YMR317W,183,195
YER115C,172,185
YJL197W,489,648
YER158C,111,132
YPL199C,353,566
YBR233W-A,94,143
YGL055W,1266,2092
YPR181C,1819,2857
YCL008C,217,268
YBR092C,1597,2086
YOL141W,96,140
YML005W,174,207
YNL215W,196,308
YDR529C,315,442
YCR075W-A,59,111
YDL059C,74,90
YOR204W,878,3932
YEL012W,100,150
YDL006W,231,300
YER123W,233,337
YJL012C,3487,5143
YPR043W,6648,10391
YDR382W,9650,14888
YDR483W,1746,2237
YLL008W,777,1197
YOR219C,474,545
YDR505C,287,428
YKL206C,243,339
YER061C,176,214
YLR135W,136,157
YMR300C,1030,1402
YLR022C,303,456
YGR068C,208,237
YPL246C,667,820
YOR246C,867,949
YLR073C,162,204
YGL039W,579,736
YNR004W,42,54
YER183C,300,361
YER148W,905,1218
YEL001C,1221,1640
YHR090C,112,146
YDL066W,1890,2686
YER112W,236,366
YMR319C,909,1121
YKR091W,89,104
YBR295W,240,261
YBR085W,128,167
YHR109W,132,156
YBL031W,114,138
YIL011W,143,174
YEL034W,5262,9861
YHL001W,1184,1893
YLR010C,49,55
YNR050C,1264,1810
YOR373W,367,447
YOR010C,60,64
YKR100C,276,334
YKL208W,118,143
YJL079C,513,670
YCL017C,668,1039
YBR023C,1097,1340
YOR260W,1037,1292
YPR196W,88,94
YPL260W,439,705
YGR004W,186,240
YML110C,1193,1478
YNR016C,4631,8826
YOR362C,1375,1805
YPR138C,461,543
YOL010W,397,491
YLR064W,437,526
YLR419W,364,485
YGL048C,1541,2073
YOR083W,138,164
YOR228C,107,125
YGL243W,233,263
YLL039C,1009,1262
YBR045C,40,45
YOR380W,154,159
YER072W,1742,3710
YKL106W,396,503
YOR272W,885,1164
YGL019W,537,730
YLR091W,170,184
YNL330C,600,768
YER047C,214,268
YOR138C,467,579
YNR060W,180,203
YPR029C,857,1029
YMR144W,155,206
YCR066W,106,121
YML098W,184,215
YJL034W,5253,7479
YLR420W,1204,1576
YCR088W,960,2238
YOR252W,113,221
YDR208W,683,846
YJL058C,137,154
YDR075W,155,211
YHR087W,51,81
YFL048C,798,1088
YLR117C,245,298
YGR220C,340,421
YBR014C,253,378
YML052W,984,1389
YDL153C,573,826
YLR299W,264,339
YOR176W,543,744
YHR187W,242,294
YDL108W,206,255
YNL172W,286,328
YGR275W,178,354
YMR071C,480,631
YIR033W,780,913
YNL254C,100,129
YBL089W,210,245
YDL084W,5213,7491
YGL016W,630,824
YOR209C,1094,1452
YCR073W-A,336,493
YKL033W,353,398
YLL022C,332,424
YOR143C,201,262
YER029C,115,182
YCL055W,266,346
YBR063C,270,271
YER005W,536,579
YER105C,997,1238
YPL034W,95,97
YBL054W,302,381
YDL028C,264,325
YCR024C,150,173
YER050C,165,236
YCR008W,465,576
YIL102C-A,40,43
YBL104C,334,392
YKL165C,732,944
YCR071C,108,195
YLR009W,345,648
YDR518W,612,849
YLR119W,62,86
YNL134C,1162,1628
YDR175C,242,347
YLR082C,127,163
YOR341W,2036,3370
YMR159C,21,25
YOR189W,80,155
YLR035C,154,168
YOR154W,294,318
YDL122W,655,821
YMR264W,512,640
YGL136C,226,237
YDL188C,347,490
YLR065C,556,701
YPR061C,37,43
YIR035C,375,474
YGR268C,129,166
YGR007W,590,720
YNL315C,425,534
YER018C,245,280
YOR299W,645,718
YDR224C,1968,3211
YJR045C,4728,9994
YHR189W,58,67
YNR033W,585,707
YLR385C,14,28
YMR288W,342,420
YIL125W,384,909
YBR141C,153,185
YMR008C,817,1243
YHR036W,169,222
YKL148C,199,293
YDR140W,215,270
YKL112W,594,776
YDL171C,838,2046
YKL062W,112,156
YLR238W,133,157
YDR080W,323,423
YJR010W,182,219
YBR138C,124,155
YBR114W,138,161
YPL250C,300,372
YNR043W,1141,1794
YOR108W,1168,1457
YHR165C,606,792
YJL218W,61,100
YNL075W,369,574
YKL028W,488,582
YLR222C,726,1012
YLR221C,374,556
YDR093W,759,981
YMR282C,273,309
YIL109C,2094,3001
YHR046C,189,284
YIR014W,33,53
YPL070W,225,280
YLR361C,239,288
YOR085W,557,839
YDR362C,352,410
YFL022C,2103,3095
YPL109C,109,124
YOL101C,78,100
YJL156C,282,353
YNL240C,388,457
YFL026W,3569,4361
YKL082C,309,552
YKL180W,4913,8721
YLR283W,149,180
YMR064W,306,329
YKL166C,355,417
YJR007W,1180,1795
YGR211W,1205,1761
YJL174W,957,1332
YDL093W,433,565
YJL069C,643,805
YNL185C,142,225
YLR168C,102,125
YLR298C,81,124
YER098W,99,112
YHR047C,1234,1913
YOR232W,722,1264
YJL118W,156,165
YIR002C,379,430
YML095C,67,89
YPR137W,495,706
YJL016W,226,240
YGL001C,940,1200
YJR058C,220,273
YDR444W,312,341
YDL115C,208,271
YER087W,187,233
YDL140C,1403,2567
YPR156C,237,363
YDR359C,231,283
YKL124W,111,145
YDR304C,1361,1827
YKL171W,207,230
YDL219W,240,348
YPL038W,109,141
YCR086W,97,154
YDR266C,585,761
YGL194C,469,530
YDR206W,1072,1159
YJL056C,196,227
YKL091C,153,199
YOR116C,1035,1447
YMR025W,42,57
YKR024C,332,465
YIL095W,254,307
YDR084C,273,377
YPL063W,705,1128
YKL140W,515,606
YBR156C,168,198
YML124C,1399,1796
YEL059C-A,28,36
YOL142W,291,405
YDR287W,168,225
YGL209W,187,251
YNL229C,388,545
YOR326W,1896,2538
YDR405W,162,244
YIL007C,94,129
YLR099W-A,161,213
YGL041W-A,111,161
YCL031C,301,434
YAL041W,610,722
YLR459W,526,609
YGL156W,138,171
YGR152C,272,396
YNL025C,131,148
YJL090C,245,256
YJR143C,1685,2383
YBR196C,15717,23417
YHL044W,58,68
YPL144W,168,217
YGR147C,424,513
YDR002W,2600,3955
YJR092W,602,910
YOR311C,402,567
YGR030C,95,126
YAL025C,331,585
YOR034C,356,403
YBL014C,306,324
YDL141W,385,536
YGL094C,602,657
YNL039W,329,429
YOL158C,2596,3108
YBR170C,508,671
YER074W,3269,4564
YJR059W,567,735
YGR130C,571,863
YOR368W,179,209
YDR458C,248,338
YJR118C,300,440
YOR016C,237,344
YDL217C,207,321
YGR165W,354,434
YGR055W,1756,2425
YGR128C,932,1162
YBR254C,148,219
YDR313C,119,147
YBR136W,222,275
YLR245C,98,142
YKL193C,279,388
YNL153C,343,525
YGL083W,247,319
YJL083W,72,110
YOR130C,188,210
YBR214W,314,392
YLR310C,766,917
YOR060C,90,101
YDL237W,520,705
YJR085C,629,964
YJL141C,337,393
YBR249C,2656,3862
YNL287W,2022,2847
YER096W,24,25
YFR008W,69,85
YNL102W,679,934
YIL023C,500,543
YMR234W,183,218
YOL077C,903,1320
YDR137W,369,406
YHR031C,273,310
YKL209C,1640,2104
YPR175W,344,399
YFL011W,6,8
YBR084W,2019,2692
YLR003C,412,530
YGR049W,139,176
YDL061C,1713,3323
YLR337C,443,692
YER113C,545,627
YEL033W,1127,1128
YDR397C,270,363
YNR051C,525,700
YGR187C,407,625
YDR056C,361,566
YHR122W,263,365
YMR273C,192,248
YDR390C,619,731
YPL267W,128,178
YOR229W,175,233
YKL164C,2399,3554
YPR198W,420,528
YEL024W,137,231
YHL017W,551,653
YLL056C,81,85
YJR010C-A,203,278
YIL085C,700,784
YMR190C,210,250
YPL123C,106,132
YGR005C,290,459
YBL032W,1172,1546
YGL049C,386,755
YDR023W,3951,6126
YHL034C,1178,2677
YHL048W,222,266
YGL240W,43,62
YPL135W,714,1067
YCR052W,580,766
YNL209W,6418,9270
YNL294C,401,414
YLR332W,398,497
YBR272C,292,359
YLR327C,47,74
YDR298C,669,963
YDR011W,4593,6066
YIL061C,100,130
YBL009W,419,517
YDR182W,395,539
YCL043C,5265,8468
YGR127W,116,138
YFR006W,815,1173
YHL031C,175,258
YKL074C,256,338
YML100W,588,835
YOL151W,806,1041
YHR131C,255,280
YKL213C,645,830
YHR026W,1907,2528
YGR104C,165,210
YOL039W,4903,9205
YOR026W,263,289
YBR203W,89,97
YLR437C,164,240
YNL238W,622,762
YOR090C,426,505
YBR281C,465,605
YJL198W,920,1117
YPL207W,780,973
YDR197W,181,206
YLR417W,239,282
YGL076C,2530,4042
YNL289W,320,416
YOL135C,133,182
YOR323C,1243,2203
YLL041C,178,250
YML106W,1652,2278
YCR009C,771,1080
YMR200W,594,770
YDR118W,197,232
YMR169C,51,52
YOR193W,131,136
YPR070W,251,273
YLR118C,296,426
YER006W,1266,1862
YLR084C,469,633
YER026C,1220,1670
YLR182W,325,440
YPR068C,124,133
YMR105C,392,480
YER182W,93,120
YLL034C,646,887
YLR211C,47,56
YBL105C,548,697
YMR251W-A,956,1518
YKR060W,178,261
YDR069C,213,265
YOL049W,1129,1353
YOL110W,204,218
YKR048C,1330,1924
YER104W,77,97
YGR232W,272,438
YEL066W,186,262
YEL046C,3193,4453
YBL055C,341,406
YPR035W,2239,3820
YDL189W,452,541
YNL314W,121,137
YLL018C,2196,4364
YDL123W,129,171
YDR227W,363,438
YDL130W-A,62,117
YML008C,2056,3228
YDL054C,247,311
YHL039W,620,761
YDR174W,1310,1669
YOR265W,144,281
YMR265C,190,216
YML073C,6140,9682
YGL137W,1894,3339
YOR157C,960,1469
YLR455W,234,295
YGL101W,301,389
YHR143W-A,333,551
YCL056C,103,111
YBR044C,261,279
YIR032C,39,40
YJR105W,4295,5988
YPR042C,133,283
YDR383C,60,78
YDL072C,830,1088
YER159C,183,297
YEL048C,145,184
YER122C,1147,1681
YHR113W,626,819
YMR189W,629,842
YHL021C,192,316
YER048W-A,211,346
YDR482C,73,96
YPR182W,146,220
YJL196C,1159,1532
YPL003W,229,245
YDR034C,477,558
YGL054C,901,1305
YGL025C,212,268
YNL230C,102,116
YLR021W,138,188
YML007C-A,3,5
YLR058C,2447,4205
YMR142C,10449,14616
YOR247W,2982,3806
YLR134W,172,197
YEL006W,372,408
YGR243W,11,17
YDR506C,125,153
YGL038C,457,563
YLR074C,290,453
YNL216W,810,1188
YKL207W,1067,1372
YLR405W,246,307
YNL227C,168,229
YPL225W,846,1273
YDL043C,136,188
YHR091C,220,240
YDL012C,163,299
YPL249C,282,421
YJL024C,160,214
YOL013W-A,5,75
YER031C,920,1280
YMR065W,100,103
YJR006W,421,483
YDR345C,3096,4261
YJL177W,3375,5279
YGL002W,231,293
YLR430W,696,879
YDL182W,1168,1572
YGL139W,463,639
YJL068C,462,713
YJL117W,1197,1607
YNL054W,380,484
YKL108W,182,207
YPL043W,648,1050
YGR210C,776,1014
YDR156W,271,421
YMR130W,394,448
YPR155C,259,294
YHR179W,4048,7064
YOR117W,1159,1743
YJR066W,429,552
YNL049C,576,708
YGL195W,2328,4062
YOR167C,3769,5750
YKL172W,743,1343
YKR025W,360,529
YMR290C,981,1634
YLR423C,70,88
YDR305C,115,159
YDR205W,260,312
YJL057C,227,249
YPR100W,230,381
YLR266C,475,505
YLR206W,480,710
YER088C,501,642
YLR284C,73,92
YNL014W,70,72
YDR358W,230,324
YDR076W,92,98
YDR508C,2536,3369
YPR028W,1476,2107
YMR117C,47,70
YLR096W,620,744
YCR067C,774,966
YJL035C,88,103
YKR052C,318,385
YMR047C,949,1361
YMR147W,48,70
YOR120W,138,146
YER040W,278,337
YCR089W,320,362
YGR221C,203,214
YBL088C,250,274
YDR247W,47,72
YHR086W,239,304
YGR274C,393,471
YLR100W,1405,1821
YBR015C,801,1113
YML055W,184,277
YML088W,379,479
YEL064C,138,167
YLR116W,201,279
YER008C,515,650
YJL081C,561,699
YMR127C,218,245
YPL013C,203,301
YLR440C,444,547
YOR177C,18,24
YLR192C,1436,2340
YKL071W,87,89
YIR013C,5,6
YGR144W,38,41
YOR313C,16,17
YBR182C-A,3,4
YBR182C,60,62
YMR175W,1,2
YNL143C,12,13
YLL057C,80,83
YKL183C-A,1,3
YML054C,93,99
YOR338W,3,5
YPL167C,236,241
YFL020C,19,21
YJR141W,224,234
YBL071C-B,1,3
YMR232W,45,46
YOR351C,27,29
YHR015W,42,45
YOR298W,53,54
YCR010C,11,13
YCL026C-A,14,22
YLR030W,78,79
YJL037W,4,6
YLR081W,57,60
YPL088W,108,111
YMR096W,98,99
YDL154W,154,157
YML037C,38,48
YPR117W,334,340
YIL024C,41,42
YGR088W,100,103
YBR180W,42,43
YJR115W,19,21
YHL012W,64,66
YEL030W,107,108
YGR053C,20,22
YOR180C,92,94
YDL248W,39,40
YKL037W,12,13
YER121W,6,8
YHR007C-A,3,4
YJR154W,49,51
YAL067C,25,26
YPL192C,46,47
YAR009C,36,39
YOR365C,100,102
YPR194C,143,145
YFR022W,202,209
YGL258W,12,13
YER186C,301,303
YDR114C,28,29
YMR081C,55,59
YGR236C,1,2
YBR040W,11,12
YER179W,49,51
Q0275,1,3
YPR151C,7,9
YKR005C,32,33
YDR524W-C,1185,1186
YBR019C,103,108
YLR318W,144,148
YBR186W,90,92
YDR009W,46,48
YHR210C,37,41
YDR402C,18,20
YNL210W,60,63
YGL121C,17,20
YOL084W,17,18
YBR050C,26,27
YOR388C,36,38
YOR134W,15,16
YJL043W,13,14
YNL042W-B,2,3
YPL148C,54,55
YBR201C-A,13,15
YDL244W,2,3
YAR023C,54,55
YNR034W-A,14,18
YNR057C,63,72
YHL042W,34,39
YPL121C,5,6
YMR063W,80,85
YPR158W-B,22,23
YGL184C,25,27
YAL062W,188,189
YFR032C-B,10,12
YPL036W,84,85
YAR033W,41,45
YBR168W,167,177
YEL023C,125,126
YPL277C,20,21
YDR034W-B,5,7
YHR014W,36,40
YML118W,23,26
YMR271C,59,61
YGR059W,7,9
YPR007C,9,11
YOR032C,50,51
YKL093W,114,115
YER081W,448,463
YPR200C,23,24
YIR005W,42,59
YAL054C,117,119
YKL221W,26,27
YPL152W-A,4,6
YDR263C,84,86
YMR084W,34,35
YOR339C,17,18
YLR054C,27,29
YAL037W,48,49
YIL160C,62,63
YIL073C,201,203
YGR131W,26,28
YDL186W,46,47
YJL103C,64,70
Q0045,5,6
YMR095C,58,60
YCR024C-B,838,839
YDL024C,15,20
YAR071W,57,60
YDR246W-A,3,5
YGR224W,168,169
YKL026C,18,19
YLR307W,6,8
YDR014W-A,4,8
YIL072W,35,36
YJR149W,117,118
YBR250W,36,38
YOR161C-C,3,4
YIL164C,79,80
YMR023C,118,129
YHR022C,61,62
YKR097W,53,56
YBL075C,270,271
YHR177W,94,95
YMR158C-A,6,11
YPR026W,173,188
YDL243C,62,64
YPR192W,43,44
YPL017C,322,324
YKL187C,125,126
YNR002C,69,70
YDL079C,92,93
YMR242W-A,3,4
YDR365W-B,9,10
YIR031C,235,236
YDR242W,211,212
YNL012W,97,101
YIR016W,223,225
YGL205W,52,57
YFL055W,56,59
YBR270C,134,135
YHR021W-A,14,16
YHR096C,66,69
YKR034W,2,4
YKL107W,17,18
YKR050W,319,324
YOR316C-A,7,9
YDR042C,20,22
YER039C-A,11,14
YOR107W,76,79
YBR298C-A,3,5
YOR237W,24,26
YHL016C,102,107
YLL055W,168,171
YLR411W,46,49
YKR075C,98,113
YNL336W,36,38
YOR084W,320,321
YJR153W,79,80
YNR064C,41,42
YER078W-A,1,2
YAR029W,30,31
YGL117W,70,75
YML042W,104,105
YCR038C,101,105
YDL109C,109,110
YFL003C,35,36
YKR041W,22,25
YMR001C-A,22,23
YJR155W,66,67
YOR008C-A,6,7
